stop_id,bas_road_marking,bench,board_sign,bus,no_objects,rumble_strips,shelter,stop_sign,street_light,trash_bin,zebra_crossing
1000002,0,0,0,0,0,1,0,0,1,0,0
1000003,0,0,1,0,0,0,0,0,0,0,0
1000004,1,0,0,0,0,0,1,0,2,1,0
1000007,0,0,1,0,0,0,0,0,0,0,0
1000009,0,1,0,0,0,1,1,0,0,0,0
1000014,0,0,0,0,0,0,1,1,0,0,0
1000016,0,1,0,0,0,0,1,0,0,1,0
1000018,0,0,0,0,1,0,0,0,0,0,0
1000024,0,1,0,0,0,0,1,1,1,0,0
1000025,0,1,0,0,0,0,1,1,0,0,0
1000026,0,1,0,0,0,0,1,0,1,0,0
1000027,1,1,0,0,0,0,1,0,0,0,0
1000028,0,0,0,0,1,0,0,0,0,0,0
1000029,0,0,0,0,0,0,0,0,1,0,0
1000031,1,1,0,0,0,0,1,0,1,1,0
1000032,1,1,0,0,0,0,1,1,2,0,0
1000036,0,0,0,0,1,0,0,0,0,0,0
1000041,0,1,1,0,0,0,1,0,0,1,0
1000042,0,1,0,0,0,0,1,0,1,0,0
1000043,0,0,1,0,0,0,0,0,0,0,0
1000044,0,0,0,0,0,0,0,0,1,0,0
1000046,0,0,0,0,1,0,0,0,0,0,0
1000047,0,0,0,0,0,0,0,0,3,0,1
1000048,0,0,0,0,1,0,0,0,0,0,0
1000049,0,0,0,0,0,0,0,0,1,0,0
1000051,1,0,0,0,0,0,1,0,2,0,0
1000052,0,0,0,0,0,0,1,1,4,0,0
1000053,0,1,0,0,1,0,1,1,0,0,0
1000060,0,0,0,0,0,0,0,0,1,0,0
1000061,0,0,1,0,0,0,1,0,0,0,0
1000062,0,1,0,0,0,0,1,0,0,0,0
1000063,0,2,0,0,0,0,1,0,0,0,0
1000064,0,1,0,0,0,0,1,0,0,0,0
1000066,0,0,1,0,0,0,0,1,0,0,0
1000067,0,0,1,0,0,0,0,1,0,0,0
1000070,0,0,0,0,0,0,0,0,1,0,0
1000072,0,0,0,0,1,0,0,0,0,0,0
1000073,0,0,0,0,0,0,0,0,1,0,0
1000074,0,3,1,0,0,0,1,1,0,0,0
1000075,0,0,0,0,1,0,0,0,0,0,0
1000076,1,2,0,0,0,0,1,0,0,0,0
1000077,0,0,0,0,0,0,0,0,1,0,0
1000078,0,1,0,0,0,0,1,0,1,0,0
1000080,0,0,0,0,1,0,0,0,0,0,0
1000081,0,0,0,0,1,0,0,0,0,0,0
1000082,0,0,0,0,0,0,0,0,2,0,0
1000083,0,0,0,0,2,0,0,0,0,0,0
1000084,0,1,1,0,0,0,1,0,0,1,0
1000085,0,0,0,1,0,0,0,0,1,0,0
1000087,0,0,1,0,0,0,0,0,0,0,0
1000088,1,1,0,0,0,0,1,0,1,1,0
1000091,1,0,1,0,0,0,0,1,4,0,0
1000094,0,1,0,1,0,0,1,0,1,0,0
1000095,0,1,0,0,0,0,1,0,0,0,0
1000096,0,0,0,0,0,0,2,0,0,0,0
1000098,0,1,0,0,0,0,1,0,0,0,0
1000103,1,1,0,0,0,0,1,0,0,1,0
1000104,0,0,0,0,0,0,0,0,3,0,0
1000105,0,0,1,0,0,0,0,1,0,0,0
1000106,0,0,0,0,0,0,1,0,1,2,0
1000108,0,1,0,0,0,0,1,1,0,0,0
1000110,1,1,0,0,0,0,1,1,2,0,0
1000111,0,1,0,0,0,0,1,0,0,0,0
1000112,0,0,1,0,0,0,0,0,0,0,0
1000116,0,1,1,0,0,0,1,0,0,0,0
1000117,0,0,0,0,0,1,1,0,0,0,0
1000118,1,1,0,0,0,1,1,0,0,1,0
1000119,1,1,1,0,1,1,1,0,0,1,0
1000122,0,1,0,0,0,0,1,0,0,0,0
1000125,0,0,0,0,0,0,1,1,0,0,0
1000127,1,1,0,0,0,0,1,1,0,0,0
1000128,0,0,0,0,0,2,0,0,0,0,0
1000129,0,1,0,0,0,0,1,0,0,0,0
1000132,1,1,1,0,0,1,1,1,0,0,0
1000133,0,1,0,0,0,0,1,0,0,1,0
1000134,0,0,1,0,0,0,0,1,0,0,0
1000135,1,1,0,0,0,1,1,0,1,0,0
1000136,0,0,0,0,1,0,0,0,0,0,0
1000137,0,1,0,0,0,1,1,0,0,0,0
1000138,0,1,0,0,0,0,1,0,1,0,0
1000139,0,1,0,0,0,0,1,0,0,0,0
1000141,0,1,1,0,0,0,1,0,2,0,0
1000142,0,1,0,0,0,0,1,0,0,0,0
1000143,0,1,0,0,0,1,1,0,0,0,0
1000144,0,0,0,0,0,2,0,0,1,0,0
1000146,0,1,0,0,0,0,1,0,2,1,0
1000147,0,1,0,0,0,0,1,0,0,0,0
1000148,0,0,0,0,0,0,0,0,1,0,0
1000149,0,0,0,0,0,1,0,0,0,0,0
1000150,0,0,0,0,1,0,0,0,0,0,0
1000151,0,1,0,0,0,0,1,0,0,0,0
1000154,0,0,1,0,0,0,0,1,0,0,0
1000157,0,0,0,0,1,0,0,0,0,0,0
1000160,0,1,0,0,0,0,0,0,0,0,0
1000161,1,1,0,0,0,0,1,0,0,1,0
1000162,1,1,0,0,0,0,1,0,0,1,0
1000165,0,0,0,0,0,0,0,0,1,0,0
1000166,0,1,0,0,0,0,1,0,0,1,0
1000169,0,1,0,0,0,0,1,0,0,0,0
1000174,0,1,0,0,0,0,1,0,0,1,0
1000175,1,1,0,0,0,0,1,0,0,0,0
1000176,0,0,0,0,0,1,0,0,0,0,0
1000179,0,0,0,0,0,0,0,1,0,0,0
1000180,0,0,0,0,1,0,0,0,0,0,0
1000181,1,1,0,0,0,0,1,0,0,0,0
1000182,0,1,0,0,0,0,1,0,0,1,0
1000183,0,1,0,0,0,0,1,0,1,1,0
1000184,0,0,0,0,0,1,0,0,1,0,0
1000185,2,2,0,0,0,0,2,0,0,0,0
1000186,2,1,0,0,0,2,2,0,0,0,0
1000189,0,0,1,0,0,0,0,1,1,0,0
1000192,1,1,0,0,0,0,1,0,3,0,0
1000193,0,0,0,0,1,0,0,0,0,0,0
1000194,1,0,0,0,0,0,0,0,1,0,0
1000195,0,1,0,0,0,0,1,0,0,0,0
1000196,1,1,0,0,0,0,1,0,0,0,0
1000197,2,1,0,0,0,1,1,0,0,0,0
1000198,0,0,0,0,0,0,0,0,2,0,0
1000200,1,1,1,0,0,0,1,0,0,0,0
1000203,1,1,0,0,0,0,1,0,0,1,0
1000204,0,0,0,0,1,0,0,0,0,0,0
1000205,1,1,0,0,0,0,1,0,0,1,0
1000206,1,0,0,0,0,0,0,0,0,0,0
1000207,0,0,0,0,0,0,0,0,1,0,0
1000208,0,0,1,0,0,0,0,0,1,0,0
1000209,0,1,0,0,0,0,1,0,1,1,0
1000211,0,2,0,0,0,0,1,0,0,2,0
1000212,0,0,0,0,0,0,0,0,1,0,0
1000213,0,0,0,0,1,0,0,0,0,0,0
1000216,1,1,1,0,0,0,1,0,0,0,0
1000217,0,1,0,0,0,0,1,0,0,0,0
1000220,0,0,0,0,1,0,0,0,0,0,0
1000223,0,0,1,0,0,0,0,1,0,0,0
1000225,1,0,0,0,0,0,1,0,0,0,0
1000226,0,0,0,0,0,0,0,0,1,0,0
1000228,2,2,0,0,0,0,2,0,0,2,0
1000230,1,1,0,0,0,0,1,1,0,1,0
1000231,0,1,0,0,0,0,1,0,0,1,0
1000232,0,1,0,0,0,0,1,0,0,0,0
1000234,0,0,0,0,0,0,0,0,2,0,0
1000236,0,1,1,0,0,0,1,1,0,0,0
1000237,0,0,0,1,0,0,1,0,1,0,0
1000238,0,1,0,1,0,0,1,0,1,0,0
1000239,0,0,0,0,1,0,0,0,0,0,0
1000240,0,2,0,0,0,0,1,0,1,0,0
1000246,0,1,0,0,0,0,1,1,0,0,0
1000247,0,1,1,0,0,0,1,1,0,1,0
1000248,0,0,1,0,0,0,0,0,0,0,0
1000249,0,0,0,0,1,0,0,0,0,0,0
1000250,0,0,0,0,1,0,0,0,0,0,0
1000254,0,1,1,0,0,0,1,1,0,0,0
1000255,0,0,0,0,0,1,0,0,3,0,0
1000258,0,0,0,0,0,0,1,0,1,0,0
1000259,0,1,0,0,0,0,2,0,0,0,0
1000260,1,1,0,0,0,0,1,0,1,0,0
1000261,0,1,0,0,0,1,1,0,2,0,0
1000263,0,0,0,0,1,0,0,0,0,0,0
1000264,0,1,0,0,0,0,1,0,1,0,0
1000265,0,0,0,0,0,0,0,0,1,0,0
1000266,0,1,0,0,0,0,1,0,0,0,0
1000270,0,1,0,0,0,0,1,0,0,0,0
1000273,0,0,0,0,0,0,0,0,2,0,0
1000274,1,1,0,0,0,0,1,0,0,0,0
1000275,1,1,0,0,0,0,1,0,0,0,0
1000276,1,1,1,0,0,0,1,0,1,0,0
1000278,1,1,0,0,0,0,1,0,1,1,0
1000279,0,1,0,0,0,0,1,0,0,1,0
1000284,0,0,0,0,0,1,1,0,1,0,0
1000285,1,2,0,0,0,0,1,0,1,1,0
1000286,1,1,1,0,0,0,1,1,1,1,0
1000287,0,1,0,0,0,0,1,0,0,0,0
1000289,1,1,0,0,0,0,1,0,0,0,0
1000293,1,0,0,0,0,1,0,0,0,1,0
1000295,0,1,1,0,0,0,0,1,0,0,0
1000296,1,1,1,0,0,0,1,0,0,0,0
1000297,1,3,0,0,0,0,2,0,0,0,0
1000298,0,0,0,0,0,1,0,0,1,0,0
1000299,0,0,0,0,0,0,1,0,1,0,0
1000302,0,0,0,0,0,1,0,0,1,0,0
1000303,0,1,0,0,0,0,1,0,0,1,0
1000304,0,0,1,0,0,0,0,1,0,0,0
1000307,0,1,0,0,0,0,1,0,0,1,0
1000308,0,0,0,0,1,0,0,0,0,0,0
1000309,0,0,0,0,1,0,0,0,0,0,0
1000311,0,0,0,1,0,0,0,0,0,0,0
1000312,0,0,0,0,0,0,1,0,0,1,0
1000313,0,0,0,0,1,0,0,0,0,0,0
1000314,2,1,0,0,0,0,2,0,1,0,0
1000315,1,0,0,1,0,0,0,0,0,0,0
1000316,0,0,0,0,0,0,0,0,1,0,0
1000320,0,1,0,0,0,0,1,0,0,0,0
1000321,0,0,0,0,1,0,0,0,0,0,0
1000323,0,0,0,0,1,0,0,0,0,0,0
1000326,0,0,0,0,1,0,0,0,0,0,0
1000327,0,1,0,0,0,1,1,0,1,0,0
1000328,0,2,0,0,0,0,2,0,1,1,0
1000330,1,1,0,0,0,0,1,0,0,0,0
1000335,3,5,2,0,0,2,3,4,0,4,2
1000337,1,1,0,0,0,0,1,0,0,1,0
1000338,0,1,0,0,0,0,1,0,2,1,0
1000339,0,0,0,0,0,1,0,0,0,0,0
1000341,2,2,0,0,0,1,2,0,0,0,0
1000344,1,1,0,0,0,0,1,0,0,1,0
1000345,1,1,0,0,0,0,1,0,1,0,0
1000349,1,1,0,0,0,0,1,0,0,1,0
1000350,2,2,0,0,0,0,2,2,2,0,0
1000352,0,0,0,0,0,0,0,0,1,0,0
1000353,0,1,0,0,0,0,1,0,0,0,0
1000354,0,0,0,0,1,0,0,0,0,0,0
1000355,0,1,0,0,0,0,1,1,0,1,0
1000356,0,0,0,0,0,0,0,0,1,0,0
1000357,1,1,0,0,0,0,1,0,0,0,0
1000358,2,2,0,0,0,0,2,2,0,2,0
1000359,0,0,0,0,1,0,0,0,0,0,0
1000360,0,0,0,0,0,1,0,0,3,0,0
1000362,0,0,0,0,0,0,0,0,0,1,0
1000364,0,0,1,0,0,0,0,1,0,1,0
1000365,0,1,0,0,0,0,2,0,0,0,0
1000366,0,1,0,0,0,0,3,0,0,0,0
1000367,1,1,0,0,0,0,1,0,1,0,0
1000368,1,1,1,0,0,0,1,0,3,1,1
1000369,2,2,0,2,0,0,2,0,0,2,0
1000371,0,0,1,0,0,0,0,1,0,0,0
1000373,0,0,0,0,1,0,0,0,0,0,0
1000374,0,0,0,0,0,0,0,1,2,0,0
1000382,0,0,0,0,0,0,0,0,1,0,0
1000383,0,0,0,0,1,0,0,0,0,0,0
1000387,0,1,0,0,0,0,1,0,1,0,0
1000388,0,1,0,0,0,0,1,0,0,1,0
1000390,0,1,1,0,0,0,1,1,1,1,0
1000391,0,0,0,0,1,0,0,0,0,0,0
1000392,0,1,0,0,0,0,1,0,1,1,0
1000393,0,1,0,0,0,0,1,0,1,0,0
1000394,0,1,0,0,0,0,1,1,1,0,0
1000395,0,1,0,0,0,0,1,0,0,1,0
1000396,0,0,0,0,0,0,0,0,1,0,0
1000397,0,2,0,0,0,0,1,0,3,1,0
1000400,0,0,0,0,0,0,0,0,3,0,0
1000401,1,0,0,0,0,0,1,0,1,1,0
1000402,0,1,0,0,0,1,1,0,0,0,0
1000405,0,0,0,0,1,0,0,0,0,0,0
1000408,0,0,1,0,0,1,0,1,0,0,0
1000409,0,1,1,0,0,1,1,1,0,0,0
1000410,0,1,0,0,0,0,1,0,0,1,0
1000411,0,1,1,0,0,1,3,1,0,1,0
1000412,0,1,1,0,0,0,1,1,0,0,0
1000413,0,1,0,0,0,0,1,0,0,0,0
1000414,0,0,0,0,0,0,1,1,0,0,0
1000415,0,0,0,0,0,0,1,0,0,0,0
1000416,0,0,0,0,0,0,1,1,0,0,0
1000419,0,1,0,0,0,0,1,0,0,0,0
1000420,0,0,0,0,0,0,0,0,1,0,0
1000423,1,2,1,0,0,0,1,0,1,1,0
1000425,0,1,0,0,0,1,2,0,1,1,1
1000427,1,0,0,0,0,0,0,0,0,0,0
1000429,0,0,0,0,1,0,0,0,0,0,0
1000430,0,1,0,0,0,0,1,0,0,1,0
1000431,0,2,1,0,0,0,2,0,0,1,0
1000432,0,0,1,0,0,0,0,1,1,0,0
1000433,0,0,0,0,0,0,0,0,1,0,0
1000435,0,1,0,0,0,0,1,0,0,0,0
1000436,0,1,0,0,0,0,1,0,1,0,0
1000437,1,0,0,0,0,0,1,0,2,0,0
1000438,0,0,0,2,0,0,0,0,1,0,0
1000443,0,0,0,0,0,0,1,2,3,0,0
1000447,0,0,0,0,0,0,0,0,2,0,0
1000449,0,1,0,0,0,0,1,0,0,0,0
1000450,1,0,0,0,0,0,1,0,3,0,0
1000453,0,1,0,0,0,0,1,1,0,0,0
1000456,0,1,0,0,0,0,1,0,2,1,0
1000457,1,2,0,0,0,0,1,0,1,0,0
1000458,1,0,0,0,0,0,3,0,0,0,0
1000459,1,1,1,0,0,0,1,0,0,1,0
1000460,0,0,0,0,0,0,1,0,0,0,0
1000461,1,0,0,0,0,0,1,0,0,0,0
1000462,0,1,0,0,0,0,1,0,0,1,0
1000463,0,2,0,0,0,0,2,0,0,0,0
1000464,1,1,0,0,0,0,1,0,1,0,0
1000465,1,1,0,0,0,0,1,0,0,0,0
1000466,1,0,0,0,0,0,1,0,0,1,0
1000467,0,0,0,0,0,0,0,0,3,0,0
1000471,0,0,0,0,0,0,1,0,0,0,0
1000477,0,0,0,0,0,0,1,0,1,0,0
1000478,0,0,0,0,0,0,0,0,1,0,0
1000479,0,0,0,0,0,0,0,0,2,0,0
1000480,0,0,0,0,0,0,0,0,4,0,0
1000484,0,1,0,0,0,0,1,0,1,0,0
1000488,0,0,0,0,0,0,0,0,1,0,0
1000489,0,1,0,0,0,0,1,2,2,0,0
1000492,1,1,0,0,0,0,1,0,0,1,0
1000493,1,1,0,0,0,0,1,0,0,1,0
1000495,0,0,1,0,0,0,0,1,0,0,0
1000497,0,1,0,0,0,0,1,0,1,0,0
1000498,0,1,0,0,0,0,1,0,0,0,0
1000499,0,1,0,0,0,0,1,0,0,0,0
1000500,0,1,1,0,0,0,1,0,0,0,0
1000501,0,1,1,0,0,0,1,0,1,0,0
1000502,0,0,0,0,1,0,0,0,0,0,0
1000503,0,0,0,0,0,1,0,0,1,0,2
1000504,0,0,0,0,0,0,0,0,1,0,0
1000505,1,1,0,0,0,0,1,1,2,0,0
1000506,0,0,0,0,0,0,1,0,0,0,0
1000507,0,1,0,0,0,0,1,0,1,0,0
1000509,0,1,0,0,0,0,1,0,0,0,0
1000512,0,0,1,0,0,0,0,1,0,0,0
1000513,0,1,0,0,0,0,1,0,1,0,0
1000514,0,1,0,0,0,0,1,0,1,1,0
1000518,0,1,0,0,0,0,1,0,0,0,0
1000519,0,0,0,0,0,0,0,0,2,0,0
1000520,0,0,0,0,1,0,0,0,0,0,0
1000521,0,0,0,0,0,0,0,0,4,0,0
1000522,1,0,0,0,0,0,1,0,1,0,0
1000523,0,1,0,0,0,0,1,0,0,1,0
1000524,0,1,0,0,0,0,1,0,0,0,0
1000526,0,0,0,0,0,0,0,0,2,0,0
1000527,0,0,0,0,0,0,1,0,2,0,0
1000528,0,1,0,0,0,0,1,0,2,0,0
1000529,0,0,0,0,0,0,0,0,1,0,0
1000530,0,0,1,0,0,0,0,1,0,0,0
1000531,0,1,0,1,0,0,1,0,0,1,0
1000532,0,0,0,0,1,0,0,0,0,0,0
1000533,3,2,0,0,0,0,2,0,0,0,0
1000534,0,0,0,0,0,0,0,0,2,0,0
1000537,0,0,1,0,0,0,0,1,0,0,0
1000538,0,0,1,0,0,0,0,1,0,0,0
1000540,1,1,0,0,0,0,1,0,0,0,0
1000541,0,0,0,0,1,0,0,0,0,0,0
1000542,0,0,0,1,0,0,0,0,0,0,0
1000543,0,0,1,0,0,0,0,1,0,0,0
1000544,0,1,0,0,0,0,1,0,0,0,0
1000545,0,0,0,0,0,1,0,0,2,0,0
1000546,0,2,0,0,0,0,1,0,1,1,0
1000547,0,0,0,0,0,0,0,0,1,0,0
1000549,0,1,0,1,0,0,1,0,0,0,0
1000550,0,0,0,0,0,0,0,0,1,0,0
1000551,1,1,0,0,0,0,1,0,0,1,0
1000552,0,0,0,0,0,0,1,0,1,0,0
1000554,0,0,0,0,0,0,1,0,0,0,0
1000555,0,1,0,0,0,0,1,0,2,0,0
1000557,0,1,0,0,0,0,1,0,0,0,0
1000558,0,1,0,0,0,0,1,0,1,0,0
1000559,0,1,0,0,0,0,1,0,0,0,0
1000563,0,1,0,0,0,1,1,0,1,0,0
1000564,0,0,0,0,1,0,0,0,0,0,0
1000565,0,1,0,0,0,0,1,0,1,0,0
1000567,0,0,1,0,0,0,0,1,2,0,0
1000569,0,1,0,0,0,0,1,0,1,1,0
1000573,1,1,0,0,0,0,2,1,1,1,0
1000574,0,0,0,0,0,0,0,0,1,0,0
1000575,0,2,1,0,0,0,1,1,0,0,0
1000577,0,0,0,0,0,0,0,0,1,0,0
1000579,0,2,0,0,0,1,1,0,1,0,0
1000583,1,0,0,0,0,0,0,1,0,0,1
1000584,0,0,1,0,0,1,0,0,0,0,0
1000587,0,0,1,0,0,0,0,1,0,0,0
1000589,0,1,0,0,0,0,1,0,1,1,0
1000597,0,2,2,0,0,2,2,2,0,2,0
1000598,0,0,0,0,0,0,0,0,2,0,0
1000600,0,1,0,0,0,0,1,0,0,1,0
1000602,1,1,0,0,0,0,1,0,1,1,0
1000603,0,0,0,0,0,0,1,0,0,0,0
1000605,1,1,0,0,0,0,1,0,1,0,0
1000606,0,1,0,0,0,0,1,1,0,0,0
1000607,0,1,0,0,0,0,1,0,0,0,0
1000608,1,1,0,0,0,1,1,0,0,0,0
1000610,0,2,0,0,0,0,1,0,0,0,0
1000611,0,0,0,0,0,0,0,0,2,0,0
1000612,1,1,0,0,0,0,1,0,0,1,0
1000613,2,2,0,0,0,1,2,0,0,0,0
1000614,0,0,1,0,0,0,0,1,1,0,0
1000618,0,0,0,0,0,0,0,0,2,0,0
1000619,0,0,0,0,0,0,0,0,3,0,0
1000620,0,1,0,0,0,0,1,0,1,0,0
1000623,1,1,0,0,0,0,1,0,1,0,0
1000625,0,0,0,0,1,0,0,0,0,0,0
1000632,0,0,0,0,0,0,0,0,2,0,0
1000633,1,2,0,0,0,0,2,0,0,0,0
1000636,0,0,0,0,0,0,0,0,1,0,0
1000637,0,0,0,0,1,0,0,0,0,0,0
1000638,0,0,0,1,0,0,0,0,1,0,0
1000639,0,0,0,0,1,0,0,0,0,0,0
1000640,0,0,0,0,1,0,0,0,0,0,0
1000641,0,1,0,0,0,0,1,0,0,0,0
1000642,1,1,1,0,0,0,1,1,0,0,1
1000643,0,0,0,0,0,1,0,0,1,0,0
1000644,1,1,0,0,0,0,1,0,0,1,0
1000645,0,1,0,0,0,0,1,0,1,1,0
1000646,1,1,0,0,0,0,1,0,0,2,0
1000650,0,2,0,0,0,0,1,0,1,0,0
1000651,0,1,0,0,0,0,1,0,1,0,0
1000652,1,1,0,0,0,0,1,0,0,0,0
1000653,1,1,0,0,0,0,1,0,0,0,0
1000655,0,0,0,0,1,0,0,0,0,0,0
1000656,0,0,0,0,0,0,1,0,1,0,1
1000657,0,0,0,0,0,0,0,0,1,0,0
1000658,0,0,0,0,0,0,0,0,1,0,0
1000660,0,0,0,0,0,0,1,1,0,1,0
1000663,1,1,1,0,0,0,1,1,0,0,0
1000664,0,0,0,0,0,1,0,0,0,0,0
1000666,0,0,0,0,0,0,0,1,1,0,0
1000670,0,1,0,0,0,0,1,0,0,1,0
1000671,0,1,0,0,0,0,1,0,2,1,0
1000676,0,0,0,0,0,0,0,0,2,0,0
1000677,0,1,0,0,0,0,1,0,1,0,0
1000678,0,0,0,0,0,0,0,0,3,0,0
1000679,0,0,0,0,0,0,1,0,1,0,0
1000682,0,0,0,0,1,0,0,0,0,0,0
1000684,0,1,1,0,0,0,1,1,0,0,0
1000692,0,1,0,1,0,0,1,0,0,1,0
1000698,0,1,0,0,0,0,1,0,0,0,0
1000699,0,1,0,0,0,1,1,0,0,0,0
1000700,0,0,1,0,0,1,1,1,2,0,0
1000701,0,0,0,0,0,0,0,0,2,0,0
1000702,0,1,0,0,0,0,1,0,2,0,0
1000704,0,1,0,0,0,0,1,0,0,0,0
1000705,0,0,0,0,1,0,0,0,0,0,0
1000706,0,0,0,0,0,0,0,0,1,0,0
1000707,0,0,0,0,0,0,0,0,2,0,0
1000708,0,1,0,0,0,0,1,1,0,1,0
1000709,1,1,0,0,0,0,1,0,0,1,0
1000711,0,1,0,0,0,0,1,0,1,0,0
1000712,0,1,0,0,0,0,1,0,0,0,0
1000713,0,0,0,0,0,0,0,0,1,0,0
1000714,0,1,0,0,0,0,1,0,0,0,1
1000716,1,1,0,0,0,0,1,0,1,0,0
1000717,0,1,0,0,0,0,1,0,0,0,0
1000720,1,1,0,0,0,0,1,0,0,0,0
1000721,0,0,0,0,0,1,1,0,1,0,0
1000724,0,1,0,0,0,0,1,0,1,0,0
1000725,0,0,1,0,0,0,0,0,1,0,0
1000726,0,1,0,0,0,1,1,0,0,0,0
1000727,0,1,0,0,0,0,1,0,0,0,0
1000728,0,1,0,0,0,0,1,0,0,0,0
1000729,0,1,0,0,0,1,1,0,0,0,0
1000730,0,1,0,0,0,0,1,0,0,0,0
1000731,0,1,0,0,0,0,1,0,1,1,0
1000732,0,1,1,0,0,0,1,0,0,1,0
1000733,1,1,0,0,0,0,1,0,0,2,0
1000734,0,1,0,0,0,0,1,0,0,0,0
1000735,0,0,0,0,0,1,0,0,0,0,0
1000736,0,0,0,0,0,0,1,0,1,0,0
1000737,0,1,0,0,0,0,1,0,0,0,0
1000740,0,1,0,0,0,0,1,0,0,1,0
1000745,0,1,0,0,0,0,1,0,0,1,0
1000748,0,0,0,0,0,0,0,0,1,0,0
1000749,0,2,0,0,0,0,1,0,0,0,0
1000750,0,0,0,0,0,0,0,0,2,0,0
1000751,0,0,1,0,0,0,0,0,0,0,0
1000752,0,0,0,0,0,0,1,0,0,1,0
1000757,0,0,0,0,1,0,0,0,0,0,0
1000758,0,0,0,0,1,0,0,0,0,0,0
1000759,0,0,0,0,0,0,0,0,4,0,1
1000760,0,1,0,0,0,0,1,0,0,0,0
1000761,0,0,0,0,0,1,0,0,0,0,0
1000762,1,1,0,0,0,0,1,0,0,1,0
1000763,0,0,0,0,0,0,1,0,0,0,0
1000768,0,0,0,0,0,0,0,0,1,0,0
1000769,0,1,0,0,0,0,1,0,0,1,0
1000770,1,1,1,0,0,0,1,0,0,1,0
1000772,0,0,0,0,0,0,0,0,1,0,0
1000773,0,0,0,0,0,1,0,0,3,0,0
1000782,0,0,0,0,0,0,0,1,0,0,0
1000783,0,0,2,0,0,0,1,1,0,1,0
1000784,0,0,0,0,0,0,0,0,1,0,0
1000785,1,1,0,0,0,0,1,1,0,0,0
1000786,0,0,0,0,0,0,1,0,0,0,0
1000787,0,1,0,0,0,0,1,0,1,0,0
1000789,0,0,0,0,1,0,0,0,0,0,0
1000791,0,0,0,0,0,0,0,0,1,0,0
1000793,1,1,0,0,0,0,1,0,0,2,0
1000795,0,0,0,0,0,0,0,0,2,0,0
1000796,0,0,0,0,0,0,0,0,1,0,0
1000797,0,0,0,0,0,0,1,0,4,0,0
1000800,1,1,0,0,0,1,1,2,0,1,0
1000801,1,2,1,0,0,0,1,0,0,0,0
1000802,0,0,0,1,0,1,1,0,1,0,0
1000803,0,0,0,0,0,1,1,0,2,0,0
1000807,0,0,0,0,0,1,0,0,2,0,0
1000808,1,1,0,0,0,0,1,0,1,1,0
1000810,0,0,0,0,0,0,0,0,1,0,0
1000811,0,0,1,0,0,0,0,1,0,0,0
1000812,0,1,0,0,0,0,1,1,0,0,0
1000813,0,0,0,0,1,0,0,0,0,0,0
1000816,0,0,0,0,0,0,0,0,1,0,0
1000817,0,0,0,0,0,0,0,1,0,0,0
1000818,0,0,0,0,0,0,0,0,1,0,0
1000819,1,1,0,0,0,0,1,0,1,0,0
1000820,0,0,0,0,1,0,0,0,0,0,0
1000821,0,1,0,0,0,0,1,0,0,2,0
1000822,0,0,0,0,0,0,0,0,2,0,0
1000823,0,1,0,1,0,0,1,0,1,0,0
1000825,0,3,0,0,0,0,1,0,4,0,0
1000826,0,0,0,0,0,0,0,0,0,0,2
1000827,0,0,0,0,0,0,0,0,1,0,0
1000828,0,0,0,0,0,0,0,0,1,0,0
1000831,0,0,0,0,1,0,0,0,0,0,0
1000833,0,0,0,0,0,0,0,0,1,0,0
1000836,1,1,0,0,0,0,1,0,1,0,0
1000837,0,1,0,0,0,0,1,1,0,0,0
1000838,0,0,0,0,0,1,0,0,1,0,0
1000839,0,1,0,0,0,0,1,0,1,0,0
1000840,0,0,0,0,0,0,1,0,0,0,0
1000841,0,0,0,0,0,0,0,0,2,0,0
1000843,1,1,1,0,0,0,1,0,0,1,0
1000846,0,0,1,0,0,0,0,1,0,0,0
1000847,0,0,1,0,0,0,0,0,0,0,0
1000848,0,0,0,0,0,0,0,0,2,0,0
1000849,0,0,0,0,0,0,1,0,0,1,0
1000852,0,0,0,0,0,0,0,0,1,0,0
1000853,0,0,0,0,0,0,0,0,3,0,0
1000855,0,0,0,1,0,0,0,0,4,0,0
1000857,1,1,0,0,0,0,1,0,0,1,0
1000859,0,1,0,0,0,0,1,0,0,0,0
1000861,0,0,0,0,0,0,0,0,2,0,0
1000862,0,1,0,0,0,0,1,1,0,1,0
1000863,0,2,1,0,0,0,1,0,0,0,0
1000865,0,2,0,0,0,0,1,0,0,0,0
1000866,1,1,0,0,0,0,1,1,0,0,0
1000867,0,1,0,0,0,0,1,0,1,0,1
1000868,0,1,0,0,0,0,1,0,0,0,0
1000869,0,1,0,0,0,0,1,0,1,1,0
1000870,1,1,0,0,0,0,1,2,0,0,0
1000871,0,0,0,0,0,2,0,0,1,0,0
1000872,0,0,0,0,0,1,0,0,1,0,0
1000874,0,0,0,0,0,0,0,0,1,0,0
1000875,0,0,0,1,0,1,0,0,0,0,0
1000877,0,0,0,0,0,0,1,0,0,0,0
1000878,0,1,0,0,0,0,1,1,2,1,0
1000879,0,0,0,0,0,0,1,1,2,0,0
1000880,0,0,0,0,1,0,0,0,0,0,0
1000881,0,0,0,0,0,0,1,0,0,0,0
1000882,0,1,0,0,0,0,1,0,1,1,0
1000883,0,0,0,0,0,0,0,0,1,0,0
1000884,0,0,0,0,0,0,0,0,1,0,0
1000886,0,0,1,0,0,0,0,1,0,0,0
1000887,0,0,0,0,0,0,1,0,1,0,0
1000888,0,0,0,0,0,0,0,0,1,0,0
1000889,0,0,0,0,0,0,0,0,2,0,0
1000890,0,0,0,0,0,0,0,0,3,0,0
1000891,0,1,0,0,0,0,2,0,0,0,0
1000892,0,0,0,0,0,0,0,0,1,0,0
1000893,0,0,0,0,0,0,0,0,3,0,0
1000894,0,1,0,0,0,1,2,0,0,0,0
1000895,0,0,1,0,0,0,0,0,1,0,0
1000897,0,0,0,0,0,1,0,0,0,0,0
1000898,0,0,1,0,0,0,0,1,1,0,0
1000899,1,2,0,0,0,0,2,0,0,0,0
1000900,0,1,1,0,0,0,0,1,1,0,0
1000903,0,0,0,0,0,0,0,0,1,0,0
1000906,0,0,1,0,0,0,0,1,0,0,0
1000907,0,0,0,0,1,0,0,0,2,0,0
1000909,0,0,0,2,0,0,0,0,1,0,0
1000910,0,0,0,1,0,1,0,0,1,0,0
1000912,0,0,0,0,0,0,0,0,1,0,0
1000915,2,1,0,0,0,0,1,0,0,0,0
1000916,2,2,0,1,0,1,2,0,0,0,0
1000917,1,1,0,0,0,0,1,0,1,0,0
1000918,1,3,0,0,0,0,3,0,1,1,0
1000922,0,1,0,0,0,0,1,0,1,0,0
1000923,0,1,0,0,0,0,1,0,0,0,0
1000924,0,1,1,0,0,0,1,0,4,1,0
1000925,0,0,0,0,1,1,0,0,0,0,0
1000926,0,0,0,0,0,1,0,1,1,0,0
1000927,0,0,0,0,0,0,1,0,1,0,0
1000929,0,1,0,0,0,0,2,0,2,0,0
1000930,0,0,0,0,1,0,1,0,1,0,0
1000931,3,0,1,0,2,0,2,0,0,0,0
1000932,0,0,0,1,0,3,1,0,3,0,0
1000934,1,1,0,0,1,0,2,0,0,0,0
1000936,0,0,0,2,1,0,0,0,2,0,0
1000939,0,1,0,2,0,0,2,0,0,1,0
1000942,0,1,0,0,1,2,1,0,0,0,0
1000943,0,1,0,0,1,0,1,0,2,0,0
1000944,0,0,2,0,1,0,1,0,1,0,0
1000945,2,1,0,0,1,0,1,0,0,1,0
1000946,1,0,0,0,0,0,0,0,1,0,0
1000947,0,0,0,0,0,0,0,0,2,0,0
1000948,2,0,0,0,0,0,0,0,0,0,0
1000949,0,1,0,0,0,1,1,0,0,0,1
1000953,0,0,0,1,0,0,0,0,0,0,0
1000954,0,2,4,0,0,0,2,2,3,0,2
1000958,0,1,1,0,0,0,1,0,0,0,0
1000959,0,0,2,0,0,1,0,1,4,0,0
1000964,0,0,0,1,0,0,0,0,0,0,0
1000966,1,2,0,0,0,0,3,0,0,0,0
1000967,0,0,0,0,0,0,1,0,0,1,0
1000968,0,0,0,3,0,0,0,0,0,0,0
1000970,0,0,0,0,1,0,0,0,0,0,0
1000971,0,0,0,0,0,0,0,0,1,0,0
1000972,0,0,0,0,1,0,0,0,0,0,0
1000977,0,1,0,0,0,0,1,0,0,0,0
1000980,2,4,0,0,0,0,3,0,4,2,0
1000981,0,0,0,0,0,0,0,0,1,0,0
1000982,0,0,1,0,0,0,0,0,0,0,0
1000983,0,1,0,0,0,0,1,0,0,0,0
1000984,0,0,0,0,1,0,0,0,0,0,0
1000985,1,0,0,0,0,0,1,0,0,1,0
1000986,0,1,1,0,0,0,1,0,0,1,0
1000990,0,0,1,0,0,0,1,1,1,0,0
1000991,0,0,0,0,0,0,0,0,1,0,0
1000992,1,1,0,0,0,0,1,1,0,1,0
1000995,0,0,0,0,1,0,0,0,0,0,0
1000996,0,0,0,0,1,0,0,0,0,0,0
1000999,1,2,0,0,0,0,2,0,0,0,0
1001000,1,1,1,0,0,0,1,0,0,0,0
1001004,0,0,1,0,0,0,0,1,0,0,0
1001006,0,0,0,0,0,0,0,0,1,0,0
1001007,1,1,1,0,0,0,1,1,0,1,0
1001008,0,0,0,0,0,0,0,0,2,0,1
1001009,0,3,0,0,0,0,1,0,0,0,0
1001010,1,1,0,0,0,0,1,0,1,0,0
1001012,1,1,1,0,0,1,1,1,1,0,0
1001013,0,0,0,0,1,0,0,0,0,0,0
1001018,0,0,0,0,1,0,0,0,0,0,0
1001019,0,1,1,0,0,0,1,1,0,0,0
1001020,0,0,0,0,0,0,0,0,2,0,0
1001021,0,0,0,0,0,0,0,0,1,0,0
1001023,1,1,1,0,0,0,1,0,0,0,0
1001024,1,1,2,0,0,0,1,2,0,0,0
1001028,0,0,0,0,1,0,0,0,0,0,0
1001029,0,2,1,0,0,0,1,1,0,0,0
1001030,0,1,0,0,0,0,1,0,3,0,0
1001031,0,0,0,0,0,0,0,0,2,0,0
1001032,0,0,0,0,0,0,1,0,1,0,2
1001033,0,2,0,0,0,0,1,0,1,0,1
1001035,0,0,0,0,1,0,0,0,0,0,0
1001036,0,0,0,0,0,0,0,0,2,0,0
1001041,0,2,0,0,0,0,1,0,1,1,0
1001044,1,0,0,0,0,0,0,0,2,0,0
1001045,0,0,0,0,0,0,0,0,1,0,0
1001046,0,0,0,0,1,0,0,0,0,0,0
1001047,0,0,0,0,1,0,0,0,0,0,0
1001048,0,2,0,0,0,0,1,0,0,1,0
1001050,0,0,0,0,0,0,0,0,1,0,0
1001051,0,0,0,0,0,0,0,0,1,0,0
1001052,0,2,1,0,0,0,1,1,1,0,0
1001053,0,1,0,0,0,0,1,0,1,1,0
1001055,0,0,0,0,1,0,0,0,0,0,0
1001056,0,0,0,0,0,0,0,0,1,0,0
1001057,0,0,0,0,0,0,0,0,1,0,0
1001058,0,2,0,0,0,0,0,0,0,0,0
1001059,0,1,0,0,0,0,1,0,0,0,0
1001061,0,2,0,0,0,0,1,0,0,0,0
1001063,0,0,1,0,0,0,0,1,0,0,0
1001064,0,0,0,0,1,0,0,0,0,0,0
1001067,0,0,0,0,0,0,0,0,4,0,0
1001069,1,1,0,0,0,0,1,0,0,0,0
1001070,0,0,0,0,1,0,0,0,0,0,0
1001071,0,0,1,0,0,0,1,1,0,1,0
1001072,0,0,0,0,1,0,0,0,0,0,0
1001075,0,0,0,0,1,0,0,0,0,0,0
1001076,0,0,0,0,0,0,1,0,0,1,0
1001077,1,1,0,0,0,0,1,0,0,1,0
1001078,1,1,1,0,0,0,1,1,0,0,0
1001079,1,0,1,0,0,1,0,0,0,1,0
1001084,0,0,0,0,0,1,0,0,1,0,0
1001085,0,0,0,0,1,0,0,0,0,0,0
1001086,0,0,0,0,0,0,0,0,2,0,0
1001090,0,1,1,0,0,0,1,1,0,1,0
1001092,0,1,0,0,0,0,1,1,0,1,0
1001093,0,0,0,0,0,0,0,0,3,0,0
1001094,0,2,1,0,0,0,1,0,0,0,0
1001095,0,0,0,0,0,1,0,0,1,0,0
1001096,0,0,0,0,0,0,0,0,2,0,0
1001099,0,0,0,0,1,0,0,0,0,0,0
1001100,0,1,0,0,0,0,1,1,0,1,0
1001101,0,0,0,0,1,0,0,0,0,0,0
1001111,0,2,0,0,0,0,1,0,0,0,0
1001114,0,1,0,0,0,0,1,0,0,1,0
1001115,0,0,0,0,0,0,0,0,1,0,0
1001117,0,0,0,0,0,0,0,0,1,0,0
1001118,0,2,0,0,0,0,1,0,1,0,0
1001119,0,0,0,0,0,0,1,0,0,0,0
1001120,0,0,0,0,0,0,0,0,1,0,0
1001121,1,1,0,0,0,0,1,1,1,0,0
1001122,0,0,1,0,0,0,0,1,0,0,0
1001126,0,0,0,0,0,0,0,0,2,0,0
1001128,0,0,0,0,0,0,0,0,1,0,0
1001129,0,0,0,0,1,0,0,0,0,0,0
1001134,0,0,0,0,0,0,2,0,0,1,0
1001136,0,0,0,0,1,0,0,0,0,0,0
1001146,0,0,0,0,0,1,0,0,1,0,0
1001147,0,0,0,0,0,1,0,0,1,0,0
1001150,0,0,0,0,0,0,0,0,2,0,0
1001154,0,0,0,0,0,0,0,0,1,0,0
1001155,0,0,0,0,1,0,0,0,0,0,0
1001158,0,0,0,0,0,1,1,0,0,0,0
1001159,0,1,0,0,0,0,1,1,0,0,0
1001160,0,1,0,0,0,0,1,0,0,0,0
1001162,1,1,0,0,0,1,1,0,1,1,0
1001163,0,1,1,0,0,0,1,0,0,0,0
1001164,0,0,0,1,0,0,0,0,2,0,0
1001166,0,0,0,0,0,1,1,0,1,0,0
1001167,0,1,1,0,0,0,1,0,0,0,0
1001168,0,2,0,0,0,0,1,0,0,0,0
1001169,1,2,1,0,0,0,1,0,0,0,0
1001170,0,1,2,1,0,0,1,0,0,0,1
1001171,1,1,0,0,0,0,1,1,1,0,0
1001172,1,1,0,0,0,1,1,0,1,1,0
1001173,0,0,0,0,0,1,0,0,1,0,0
1001176,0,0,0,0,0,0,0,0,1,0,0
1001177,0,1,0,0,0,0,1,0,0,0,0
1001178,0,1,0,0,0,0,1,0,0,0,0
1001179,1,2,1,0,0,0,1,0,0,0,0
1001180,0,1,0,0,0,0,1,1,0,0,0
1001183,0,0,0,1,0,0,0,0,0,0,0
1001187,0,0,0,0,0,0,0,0,1,0,0
1001190,0,0,1,1,0,0,0,1,0,1,0
1001191,0,0,0,0,1,0,0,0,0,0,0
1001192,0,0,0,0,0,0,0,0,1,0,0
1001194,0,0,1,0,0,1,0,1,2,0,0
1001195,1,2,0,0,0,0,1,0,1,0,0
1001196,0,1,0,0,0,0,1,1,2,0,0
1001197,0,0,0,0,1,0,0,0,0,0,0
1001199,0,0,0,0,0,0,0,0,1,0,0
1001201,0,0,0,0,0,0,1,0,0,0,0
1001202,0,1,0,0,0,1,1,0,2,0,0
1001204,0,1,1,0,1,0,1,0,0,0,0
1001205,0,0,0,0,1,0,0,0,1,0,0
1001206,0,0,0,0,0,0,0,0,6,0,1
1001214,0,1,0,0,2,0,1,0,2,1,0
1001216,2,2,0,0,1,0,2,0,1,0,0
1001217,0,1,0,1,1,0,1,0,0,0,0
1001218,1,2,0,2,0,0,3,0,0,0,0
1001221,1,0,0,0,0,0,0,0,1,1,0
1001226,0,0,0,0,0,4,1,0,7,0,0
1001232,1,1,0,0,0,0,1,0,1,1,0
1001233,2,2,1,0,0,0,2,0,0,1,0
1001234,0,2,0,0,0,0,2,0,3,2,0
1001235,2,1,1,0,0,1,1,0,0,1,0
1001236,0,0,1,0,0,1,0,1,0,0,0
1001238,0,1,0,0,1,0,1,0,2,0,0
1001241,0,0,0,0,0,0,0,0,2,0,0
1001246,1,1,3,0,0,0,2,1,2,2,0
1001247,0,0,1,0,1,0,0,1,2,0,0
1001248,1,1,0,0,0,0,2,0,3,2,0
1001252,0,0,0,0,0,1,0,0,0,0,0
1001253,0,0,0,0,0,2,1,0,3,0,0
1001254,0,0,0,0,3,0,1,0,0,0,0
1001255,0,0,0,0,2,0,0,0,2,0,0
1001256,0,0,0,0,0,0,0,0,1,0,0
1001257,0,0,0,0,0,0,0,0,2,0,0
1001259,0,1,0,0,2,0,1,0,1,1,0
1001260,0,1,0,0,1,0,1,0,0,0,0
1001261,0,0,0,0,1,0,0,0,0,0,0
1001262,0,0,0,0,1,0,0,1,1,0,0
1001263,0,2,0,0,0,0,2,0,0,1,0
1001264,2,1,0,0,0,2,2,0,2,1,0
1001265,0,1,0,0,0,4,1,0,0,1,0
1001266,0,1,1,0,0,2,1,0,0,1,0
1001267,0,0,0,0,1,0,0,0,1,0,0
1001268,0,0,0,0,1,0,1,0,2,1,0
1001269,0,0,0,0,0,0,1,0,2,0,0
1001270,0,1,0,0,2,0,1,0,0,1,0
1001271,0,1,1,0,2,0,1,1,0,0,0
1001272,0,0,0,0,0,0,0,0,2,0,0
1001273,0,0,0,0,0,3,0,0,0,0,0
1001276,0,0,0,0,0,0,0,0,1,0,0
1001277,0,1,0,0,0,0,0,0,0,0,0
1001278,1,1,0,0,0,0,1,0,0,0,0
1001279,0,0,1,0,0,2,0,0,0,0,0
1001281,1,0,0,0,0,0,1,0,0,1,0
1001282,0,1,0,0,0,0,1,0,1,0,0
1001283,1,2,0,0,0,0,1,1,1,0,0
1001284,0,0,0,0,1,0,0,0,0,0,0
1001287,0,1,0,0,0,2,1,0,0,0,0
1001290,0,0,0,0,0,0,0,1,0,0,0
1001291,0,1,0,0,0,0,1,0,1,1,0
1001294,0,1,1,0,0,0,1,1,0,0,0
1001302,1,0,0,0,0,0,1,0,1,0,0
1001306,1,1,0,0,0,0,1,0,0,1,0
1001307,0,1,0,0,0,0,1,0,1,0,0
1001308,0,0,0,0,0,0,0,0,1,0,0
1001311,0,0,0,0,1,0,0,0,0,0,0
1001312,1,0,1,0,0,0,0,1,0,0,0
1001314,0,0,0,0,1,0,0,0,0,0,0
1001315,0,1,0,0,0,0,1,1,1,0,0
1001316,0,1,1,0,0,0,1,1,1,0,0
1001317,0,0,0,0,0,0,0,1,1,0,0
1001318,0,0,0,0,1,0,0,0,0,0,0
1001319,0,0,0,0,1,0,0,0,0,0,0
1001321,1,2,0,0,0,0,1,0,0,1,0
1001322,1,0,0,0,0,0,1,0,1,0,0
1001323,1,2,0,0,0,0,2,0,1,0,0
1001324,1,1,0,0,0,0,1,0,0,1,0
1001325,0,1,0,0,0,0,1,0,0,0,0
1001328,0,1,1,0,0,0,1,0,3,0,0
1001329,0,0,0,0,0,0,1,0,0,1,0
1001330,1,1,0,0,0,0,1,0,0,1,0
1001331,0,0,0,0,1,0,0,0,0,0,0
1001332,0,0,1,0,0,0,0,1,0,0,0
1001334,0,0,0,0,1,0,0,0,0,0,0
1001335,1,1,0,0,0,0,1,1,2,1,0
1001336,0,0,0,0,0,0,0,0,1,0,0
1001338,0,1,0,0,0,0,1,1,0,0,0
1001339,0,1,0,0,0,0,1,0,2,1,0
1001341,1,1,0,0,0,0,1,0,0,0,0
1001343,0,0,0,0,0,1,0,0,3,0,0
1001344,0,2,0,0,0,0,1,0,0,0,0
1001346,0,1,0,0,0,0,1,0,0,0,0
1001347,0,0,0,0,0,0,0,0,1,0,0
1001351,0,0,1,0,0,0,0,0,0,0,0
1001357,0,1,1,0,0,0,0,1,0,0,0
1001358,0,0,0,0,0,0,1,0,1,0,0
1001362,1,1,0,0,0,0,1,0,1,1,0
1001363,0,2,0,0,0,0,1,0,0,0,0
1001364,0,0,0,0,0,0,0,0,3,0,0
1001365,0,0,0,0,1,0,0,0,0,0,0
1001367,0,0,1,0,0,0,0,1,1,1,0
1001368,0,1,0,0,0,0,1,0,1,0,0
1001370,0,2,0,0,0,0,1,0,0,1,0
1001371,0,0,0,0,1,0,0,0,0,0,0
1001372,2,2,0,0,0,1,2,0,3,0,0
1001375,1,0,1,0,0,0,1,1,1,0,0
1001377,1,1,1,0,0,0,1,0,1,0,0
1001379,0,0,0,0,0,0,0,0,1,0,0
1001380,0,0,1,0,0,0,1,0,1,0,0
1001381,0,0,0,0,0,0,1,0,1,0,0
1001382,0,1,0,0,0,0,1,0,0,1,0
1001383,0,1,0,0,0,0,1,0,2,1,0
1001387,1,1,0,0,0,0,1,0,0,0,0
1001391,1,1,0,0,0,0,1,0,0,0,0
1001394,0,1,0,0,0,0,1,0,0,0,0
1001395,0,0,0,0,0,1,0,0,0,0,0
1001396,0,2,0,0,0,0,0,0,1,0,0
1001397,0,1,0,0,0,0,1,0,4,0,0
1001398,0,2,0,1,0,0,1,0,0,0,0
1001400,1,3,0,0,0,0,1,0,0,0,0
1001403,0,0,1,0,0,0,0,0,0,0,0
1001404,0,0,1,0,0,0,0,1,0,0,0
1001405,0,1,0,0,0,0,1,0,1,0,0
1001406,0,0,0,0,0,0,1,0,1,0,0
1001407,0,0,0,0,1,0,0,0,0,0,0
1001408,1,1,0,0,0,0,1,1,2,0,0
1001409,0,0,0,0,0,0,0,0,1,0,0
1001410,1,1,0,0,0,0,1,0,1,0,0
1001411,1,1,0,0,0,0,1,0,0,0,0
1001414,1,1,0,0,0,0,1,0,0,0,0
1001417,1,2,0,0,0,0,2,0,1,0,0
1001418,0,1,0,0,0,0,1,0,1,0,0
1001420,0,1,1,0,0,0,1,0,0,0,0
1001421,0,0,1,0,0,0,0,1,0,0,0
1001423,0,0,0,0,0,0,0,0,1,0,0
1001424,0,0,0,0,0,0,0,0,1,0,0
1001425,0,0,0,0,1,0,0,0,0,0,0
1001426,0,0,0,0,0,1,0,0,0,0,0
1001427,0,1,0,0,0,0,1,0,1,1,0
1001428,0,0,0,0,0,1,0,0,0,0,0
1001431,0,0,0,0,0,0,0,0,4,0,0
1001433,0,1,0,0,0,0,1,1,0,0,0
1001434,0,1,0,0,0,0,1,0,2,0,0
1001435,0,1,0,0,0,0,1,0,0,0,0
1001436,0,1,0,0,0,0,1,0,0,0,0
1001437,0,2,0,0,0,0,1,0,0,1,0
1001440,0,2,0,0,0,0,1,0,0,1,0
1001441,0,0,0,0,1,0,0,0,0,0,0
1001442,1,0,0,0,0,0,1,0,1,0,0
1001444,0,1,0,0,0,0,1,0,0,0,1
1001445,0,1,0,0,0,1,1,0,0,0,0
1001446,0,1,0,0,0,1,1,0,0,0,0
1001447,0,0,0,0,1,0,0,0,0,0,0
1001450,0,1,0,0,0,0,1,0,0,0,0
1001451,0,0,0,0,1,0,0,0,0,0,0
1001454,0,0,1,0,0,0,0,1,0,1,0
1001455,0,0,1,0,0,0,0,1,0,1,0
1001456,0,1,1,0,0,0,1,0,0,0,0
1001457,0,0,1,0,0,0,0,1,0,0,0
1001462,0,0,0,0,0,1,0,0,0,0,0
1001469,0,1,0,0,0,1,1,1,0,0,0
1001470,1,3,0,0,0,0,1,0,2,0,0
1001471,0,1,0,0,0,0,1,0,1,0,0
1001472,0,1,0,0,0,0,1,0,1,0,0
1001473,1,1,0,0,0,0,1,0,3,1,0
1001474,1,1,0,0,0,0,1,0,0,0,0
1001475,0,1,0,0,0,0,1,0,1,0,0
1001480,0,2,1,0,0,0,1,1,0,0,0
1001482,0,0,0,0,1,0,0,0,0,0,0
1001485,1,1,0,0,0,0,1,0,2,0,0
1001486,0,1,0,0,0,0,1,0,0,0,0
1001487,0,1,0,0,0,0,1,0,0,0,0
1001491,0,0,1,0,0,0,0,0,1,0,0
1001492,0,0,0,0,0,0,0,0,1,0,0
1001494,1,1,0,0,0,1,1,0,1,0,0
1001495,1,0,0,0,0,0,0,0,0,0,0
1001496,0,0,0,0,1,0,0,0,0,0,0
1001499,0,0,0,0,0,0,0,0,1,0,0
1001505,0,0,0,0,0,0,0,0,1,0,0
1001507,0,0,0,0,0,0,0,0,1,0,0
1001508,0,0,0,1,0,0,0,0,1,0,0
1001509,0,2,0,0,0,0,1,0,1,1,0
1001511,0,0,0,0,0,0,1,0,0,0,0
1001512,0,0,0,0,1,0,0,0,0,0,0
1001513,0,0,0,0,0,0,0,0,2,0,0
1001516,0,0,1,1,0,0,0,0,1,0,0
1001518,0,0,0,1,0,0,0,0,0,0,0
1001519,0,0,0,0,0,0,0,0,1,0,0
1001520,0,1,1,0,0,0,1,0,1,0,0
1001521,0,1,0,0,0,0,1,1,1,0,0
1001522,1,1,0,0,0,0,1,0,1,0,0
1001523,1,0,0,0,0,0,0,0,1,0,0
1001524,0,0,0,0,0,0,0,0,1,0,0
1001526,1,1,1,0,0,0,1,0,1,0,0
1001527,0,0,0,0,0,0,0,0,1,0,0
1001529,0,0,1,0,0,0,0,1,0,0,0
1001530,0,0,0,0,0,0,0,0,3,0,0
1001531,0,0,0,0,1,0,0,0,0,0,0
1001534,0,0,0,0,0,1,0,0,2,0,0
1001535,0,0,0,0,1,0,0,0,0,0,0
1001541,0,0,0,0,1,0,0,0,0,0,0
1001544,0,1,0,0,0,0,1,0,1,0,0
1001545,0,0,0,0,1,0,0,0,0,0,0
1001546,1,1,1,0,0,0,1,0,0,0,0
1001547,0,0,0,0,1,0,0,0,0,0,0
1001548,0,1,0,0,0,0,1,0,0,1,0
1001549,0,1,0,0,0,0,1,0,0,0,0
1001550,0,0,0,0,0,0,0,0,1,0,0
1001552,0,0,0,0,0,0,1,1,0,0,0
1001553,0,0,1,0,0,0,1,1,0,0,0
1001555,0,0,0,0,0,1,0,0,3,0,0
1001556,0,1,1,0,0,0,1,0,0,1,0
1001557,0,0,0,0,1,0,0,0,0,0,0
1001558,0,1,0,0,0,0,1,0,1,0,0
1001559,0,1,0,0,0,0,1,1,1,0,0
1001560,0,1,0,1,0,0,1,0,0,1,0
1001564,1,1,0,0,0,0,1,0,1,0,0
1001566,1,2,1,0,0,0,1,0,0,1,0
1001567,1,2,0,0,0,0,1,0,1,0,0
1001568,0,1,0,0,0,0,1,0,0,0,0
1001569,0,0,0,0,0,0,0,0,2,0,0
1001570,0,1,1,0,0,0,1,1,0,0,0
1001571,0,0,1,0,0,0,0,1,0,0,0
1001575,2,1,0,0,0,0,1,0,0,1,0
1001576,0,1,0,0,0,0,1,1,1,0,0
1001577,0,0,0,0,0,0,0,0,1,0,0
1001578,0,1,0,0,0,0,1,0,1,0,0
1001579,0,0,0,0,0,0,0,0,1,0,0
1001580,1,0,0,0,0,0,0,0,1,0,0
1001581,0,0,0,0,1,0,0,0,0,0,0
1001582,1,0,0,0,0,0,0,0,0,0,0
1001585,1,2,1,0,0,0,1,0,0,0,0
1001590,1,1,0,0,0,0,1,0,0,0,0
1001591,0,0,0,0,0,0,1,0,1,0,0
1001592,1,1,0,0,0,0,1,0,0,0,0
1001594,0,1,0,0,0,0,2,0,1,1,1
1001595,0,0,0,0,0,1,0,0,0,1,0
1001597,0,0,0,0,0,0,0,0,1,0,0
1001598,0,1,0,0,0,0,1,1,0,0,0
1001600,0,0,0,0,1,0,0,0,0,0,0
1001601,0,0,0,0,1,0,0,0,0,0,0
1001605,0,0,0,0,1,0,0,0,0,0,0
1001606,0,0,0,0,0,0,0,0,1,0,0
1001607,1,1,0,0,0,0,1,0,1,0,0
1001609,0,1,0,0,0,0,1,1,1,0,0
1001610,0,0,1,0,0,0,0,1,0,0,0
1001613,0,0,0,0,0,0,2,0,2,1,0
1001615,0,0,0,0,1,0,0,0,0,0,0
1001616,0,0,0,0,1,0,0,0,0,0,0
1001617,0,1,0,0,0,0,1,0,1,1,0
1001621,0,0,0,0,1,0,0,0,0,0,0
1001622,0,0,0,0,1,0,0,0,0,0,0
1001623,0,0,0,0,1,0,0,0,0,0,0
1001626,0,0,0,0,1,0,0,0,0,0,0
1001627,1,2,0,0,0,0,1,0,0,0,0
1001628,1,1,0,0,0,0,1,0,0,0,0
1001629,0,0,0,1,0,0,0,0,1,0,0
1001633,0,2,0,1,0,0,1,0,1,0,0
1001634,1,1,0,0,0,0,1,0,0,1,0
1001635,1,2,0,0,0,1,1,0,0,0,0
1001636,0,1,0,0,0,1,1,0,0,2,0
1001637,0,0,0,0,1,0,0,0,0,0,0
1001638,0,0,0,0,0,0,0,0,1,0,0
1001639,0,1,0,0,0,0,1,0,1,0,0
1001640,1,1,0,0,0,0,1,0,0,0,0
1001644,0,0,0,0,0,0,0,0,1,0,0
1001646,0,1,0,0,0,0,1,0,0,0,0
1001647,0,0,1,0,0,1,0,1,4,0,0
1001648,0,0,0,0,0,1,1,0,1,0,0
1001650,0,0,0,0,1,0,0,0,0,0,0
1001651,0,0,0,0,0,0,0,0,1,0,0
1001652,0,0,1,0,0,0,0,1,0,0,0
1001654,0,1,0,0,0,0,1,0,1,0,0
1001657,0,3,0,0,0,0,1,0,1,0,0
1001659,1,1,0,0,0,0,1,0,0,1,0
1001660,1,3,1,0,0,0,1,0,1,1,0
1001661,1,1,0,0,0,0,1,0,0,1,0
1001662,0,0,0,0,0,0,2,0,0,0,0
1001663,0,0,0,0,0,0,0,0,1,0,0
1001665,1,0,0,0,0,0,1,1,1,0,0
1001666,0,0,0,0,1,0,0,0,0,0,0
1001667,1,0,1,0,0,0,1,0,0,0,0
1001669,0,0,0,0,0,0,0,0,1,0,0
1001670,0,0,0,2,0,1,0,0,3,0,0
1001672,0,0,0,0,1,0,0,0,0,0,0
1001673,0,0,0,0,0,0,0,0,1,0,0
1001687,0,0,0,0,1,0,0,0,0,0,0
1001688,0,0,0,0,1,0,0,0,0,0,0
1001689,0,1,0,0,0,0,1,0,3,0,0
1001690,0,1,0,0,0,0,1,0,0,0,0
1001692,1,1,0,0,0,0,1,0,0,0,0
1001693,0,0,0,0,1,0,0,0,0,0,0
1001694,0,0,0,0,0,0,0,0,3,0,0
1001695,0,1,0,0,0,1,1,0,0,0,0
1001696,0,2,0,0,0,0,1,0,0,0,0
1001697,1,2,0,0,0,0,1,0,1,0,0
1001698,0,0,1,0,0,0,0,1,1,0,0
1001700,0,0,0,0,1,0,0,0,0,0,0
1001702,0,0,0,1,0,0,0,0,1,0,0
1001703,0,0,0,0,0,0,0,0,1,0,0
1001706,0,1,0,0,0,0,1,0,0,0,0
1001707,1,1,1,0,0,1,1,0,2,0,0
1001708,0,0,0,0,0,0,0,0,1,0,0
1001709,0,0,0,0,1,0,0,0,0,0,0
1001710,1,1,0,0,0,0,1,0,0,1,0
1001713,0,0,0,0,0,1,1,0,1,0,0
1001717,0,1,0,0,0,0,1,1,2,0,0
1001718,0,1,0,0,0,0,1,0,0,0,0
1001719,0,1,0,0,0,0,1,0,1,0,0
1001720,0,2,0,0,0,0,1,0,0,0,0
1001721,0,1,0,0,0,0,1,0,0,0,0
1001722,0,0,1,0,0,0,0,1,1,0,0
1001723,1,1,0,0,0,0,1,0,0,0,0
1001724,0,0,0,0,0,0,0,0,1,0,0
1001725,0,1,0,0,0,0,1,0,1,0,0
1001726,0,0,1,0,0,0,0,1,0,0,0
1001727,0,0,0,0,1,0,0,0,0,0,0
1001728,0,0,0,0,1,0,0,0,0,0,0
1001729,1,3,0,0,0,1,1,0,0,1,0
1001730,0,0,0,0,1,0,0,0,0,0,0
1001731,0,1,0,0,0,0,1,0,0,1,0
1001733,0,1,1,0,0,0,1,1,0,0,0
1001734,0,0,0,0,0,0,0,0,2,0,0
1001735,0,0,0,0,0,0,0,0,2,0,0
1001736,0,0,0,0,0,0,0,0,1,0,0
1001742,0,0,0,0,0,0,0,0,0,1,0
1001744,0,0,0,0,1,0,0,0,0,0,0
1001747,0,1,1,0,0,0,1,1,1,0,0
1001748,2,1,0,0,0,0,1,0,1,0,0
1001749,0,0,0,0,0,0,0,0,1,0,0
1001750,0,0,0,0,0,0,0,0,1,0,0
1001752,0,0,1,0,0,0,0,1,0,0,0
1001753,0,1,0,0,0,0,1,0,0,0,0
1001755,0,0,0,0,0,0,0,0,1,0,0
1001756,0,0,0,0,1,0,0,0,0,0,0
1001758,0,1,0,0,0,0,1,0,0,0,0
1001759,0,0,0,0,0,1,0,0,1,0,0
1001760,0,0,0,0,1,0,0,0,0,0,0
1001761,0,0,0,0,0,2,1,0,0,0,0
1001763,0,0,0,0,0,0,0,0,1,0,0
1001764,0,0,0,0,0,0,0,0,1,0,0
1001765,0,0,1,0,0,0,0,1,1,0,0
1001767,0,1,0,0,0,0,1,0,1,1,0
1001768,0,1,1,0,0,0,1,0,1,0,0
1001770,0,0,0,0,1,0,0,0,0,0,0
1001772,0,1,0,0,0,0,1,0,0,0,0
1001773,0,0,0,0,1,0,0,0,0,0,0
1001777,1,1,0,0,0,0,1,0,0,0,0
1001778,0,0,0,0,1,0,0,0,0,0,0
1001781,0,1,1,0,0,1,1,1,0,0,0
1001782,0,0,0,0,0,0,1,0,4,0,0
1001783,0,1,0,0,0,0,1,0,0,1,0
1001784,0,1,0,0,0,0,2,0,0,1,0
1001785,0,1,0,0,0,0,2,0,0,0,0
1001787,0,0,0,0,0,0,2,0,0,0,0
1001788,1,1,0,0,0,0,2,0,0,0,0
1001789,0,0,0,0,0,1,0,0,0,0,0
1001791,1,0,0,0,0,0,1,0,0,0,0
1001792,0,0,0,0,0,0,0,0,2,0,0
1001793,0,0,0,1,0,0,1,1,0,0,0
1001794,0,0,0,0,0,0,1,1,0,1,0
1001795,0,0,0,1,0,0,1,0,0,0,1
1001797,0,1,0,0,0,0,1,0,0,0,0
1001798,1,1,0,0,0,0,1,0,1,1,0
1001800,0,1,0,2,0,0,1,0,1,1,0
1001801,0,1,0,1,0,0,1,0,0,1,0
1001803,0,0,0,0,1,0,0,0,0,0,0
1001804,0,2,0,0,0,0,0,0,0,1,0
1001805,0,0,0,0,0,0,0,0,2,0,0
1001806,0,1,0,0,0,0,1,0,0,0,0
1001807,0,1,0,0,0,0,1,0,0,1,0
1001808,0,0,0,5,0,0,0,0,1,0,0
1001809,0,2,0,0,0,0,1,0,0,0,0
1001810,0,0,0,0,1,0,0,0,0,0,0
1001816,0,0,0,0,0,0,0,0,1,0,0
1001822,0,0,0,0,1,0,0,0,0,0,0
1001825,0,2,0,0,0,0,1,0,1,0,0
1001827,0,0,0,2,0,0,1,0,1,0,0
1001828,0,0,0,1,0,0,0,1,2,0,0
1001830,0,0,0,2,0,0,1,3,1,0,0
1001831,1,2,0,1,0,0,2,0,0,1,0
1001832,0,1,0,1,0,0,1,0,0,0,0
1001833,0,0,0,0,0,0,1,0,1,0,0
1001834,1,3,0,1,0,0,1,0,0,0,0
1001835,2,4,0,1,0,0,1,0,0,0,0
1001837,0,0,0,0,0,0,0,0,1,0,0
1001838,0,0,0,0,0,0,0,0,2,0,0
1001842,0,1,0,0,0,0,1,0,0,0,0
1001843,0,0,0,0,0,1,0,0,1,0,0
1001844,0,1,0,0,0,0,1,0,0,0,0
1001845,1,1,0,0,0,0,1,0,1,1,0
1001846,0,0,0,0,1,0,0,0,0,0,0
1001847,0,1,0,0,0,0,1,0,0,0,0
1001848,0,2,0,0,0,0,1,1,1,0,0
1001849,0,0,1,0,0,0,0,1,0,0,0
1001851,0,0,1,0,0,1,0,2,2,0,0
1001852,0,0,1,0,0,1,0,1,0,0,0
1001853,1,0,0,0,0,0,0,0,0,0,0
1001858,0,1,0,0,0,0,1,0,0,0,0
1001859,0,0,0,0,0,1,0,0,1,0,0
1001860,0,0,1,0,0,0,0,0,0,0,0
1001861,0,0,0,0,0,1,0,0,3,0,0
1001862,0,0,0,0,0,0,0,0,4,0,0
1001864,0,0,0,0,0,0,0,1,1,0,0
1001865,1,2,0,0,0,0,1,0,1,1,0
1001866,0,0,0,0,0,0,0,0,1,0,0
1001867,0,0,0,0,0,0,0,0,1,0,0
1001868,0,0,0,0,0,1,0,0,0,1,0
1001869,0,0,0,0,0,0,0,0,1,0,0
1001870,0,0,0,0,0,0,0,0,1,0,0
1001872,1,1,0,0,0,0,1,0,0,1,0
1001873,0,0,0,0,1,0,0,0,0,0,0
1001874,0,1,0,0,0,0,1,0,0,0,0
1001875,0,0,0,0,0,0,0,0,2,0,0
1001876,0,0,1,0,0,0,0,1,0,0,0
1001877,0,0,1,0,0,0,0,1,1,0,0
1001878,1,1,0,0,0,1,2,0,0,0,0
1001880,0,0,0,0,0,1,1,0,1,0,0
1001881,2,1,0,0,0,1,1,0,0,0,0
1001882,0,0,1,0,0,0,0,1,1,0,0
1001883,0,0,0,0,0,1,0,0,1,0,0
1001884,1,1,0,0,0,0,1,0,0,0,0
1001892,0,3,0,0,0,0,1,0,2,0,0
1001894,1,1,0,0,0,0,1,0,0,0,0
1001897,0,0,1,0,0,0,1,0,0,0,0
1001898,1,1,0,0,0,0,1,0,0,0,0
1001899,0,1,0,0,0,1,2,0,1,0,0
1001905,0,0,0,0,0,0,1,0,0,1,0
1001906,1,1,1,0,0,0,1,0,1,0,0
1001907,0,2,0,1,0,0,1,0,1,1,0
1001910,0,1,0,0,0,0,1,0,0,0,0
1001911,1,0,0,0,0,0,1,0,0,0,0
1001912,0,0,0,0,1,0,0,0,0,0,0
1001914,0,0,0,0,0,2,0,0,1,0,0
1001916,0,3,0,0,0,0,1,0,0,0,0
1001917,0,0,0,0,0,2,0,0,1,0,0
1001920,0,0,0,0,0,1,0,0,1,0,0
1001921,2,1,0,0,0,0,1,1,0,1,0
1001932,0,0,0,0,0,0,0,0,1,0,0
1001933,0,0,0,0,0,0,1,0,1,0,1
1001938,0,1,0,0,0,0,1,0,1,0,0
1001939,0,0,0,0,1,0,0,0,0,0,0
1001940,0,1,1,0,0,0,1,1,0,1,0
1001942,0,0,1,0,0,0,0,1,1,0,0
1001943,1,2,0,0,0,0,1,0,0,0,0
1001944,0,0,0,0,0,1,0,0,1,1,0
1001945,1,0,0,0,0,0,0,0,0,0,0
1001946,0,0,0,0,0,1,0,0,0,0,0
1001947,0,0,1,0,0,1,0,0,0,0,0
1001948,0,1,0,0,0,0,1,0,1,0,0
1001949,0,0,0,0,0,0,0,0,1,0,0
1001950,0,0,0,0,0,1,0,0,0,0,0
1001955,0,0,0,0,1,0,0,0,0,0,0
1001956,0,0,0,0,0,1,0,0,0,0,0
1001957,1,1,0,0,0,0,1,0,0,0,0
1001958,1,1,0,0,0,0,1,0,0,0,0
1001962,1,1,0,0,0,1,1,0,1,0,0
1001963,0,2,0,0,0,0,1,0,0,1,0
1001965,0,2,0,0,0,0,1,0,2,2,0
1001966,0,2,0,0,0,0,1,0,2,0,0
1001968,1,1,0,0,0,0,2,0,0,0,0
1001971,0,0,0,0,1,0,0,0,0,0,0
1001972,0,0,0,0,1,0,0,0,0,0,0
1001975,0,5,0,1,0,0,0,0,0,3,0
1001978,0,0,0,0,0,0,0,0,1,1,0
1001979,0,2,0,0,0,0,1,0,0,2,0
1001981,1,1,0,0,0,0,1,0,0,0,0
1001982,1,3,0,0,0,0,1,0,0,0,0
1001984,1,2,0,1,0,0,2,0,1,0,0
1001985,0,1,1,0,0,1,1,0,0,0,1
1001986,0,0,1,0,0,0,0,0,0,0,0
1001987,0,0,1,1,0,0,0,0,0,0,0
1001988,0,0,0,0,0,1,0,0,2,0,0
1001989,0,1,0,0,0,0,1,0,0,0,0
1001991,0,0,0,0,0,0,0,0,3,0,1
1001993,1,1,0,0,0,0,1,0,0,0,0
1001994,0,0,1,0,0,0,0,1,0,0,0
1001995,0,0,0,0,0,1,0,0,0,0,0
1001996,0,0,0,0,0,1,0,0,0,0,0
1001998,1,1,0,0,0,0,1,0,0,0,0
1001999,1,0,0,0,0,0,0,1,0,0,0
1002005,0,1,0,0,0,1,1,0,0,0,0
1002006,0,1,0,0,0,0,1,1,0,0,0
1002010,0,1,0,0,0,0,1,0,0,0,0
1002011,0,1,0,0,0,0,1,0,1,0,1
1002012,1,1,1,0,0,0,1,0,0,0,0
1002013,0,0,0,0,0,1,1,0,1,0,2
1002014,0,0,0,1,0,0,0,0,0,0,0
1002016,2,3,0,0,0,0,3,0,0,1,0
1002017,0,0,0,2,0,0,0,0,2,0,0
1002018,0,0,0,0,2,0,0,0,2,0,0
1002020,0,1,0,0,0,0,1,0,2,1,0
1002021,0,0,0,0,2,0,0,0,1,0,0
1002022,3,3,0,0,0,0,3,0,2,0,0
1002023,0,1,0,1,2,0,2,0,0,0,0
1002024,0,1,0,0,1,0,1,0,0,0,0
1002025,0,2,0,0,0,0,2,0,1,0,0
1002026,0,0,0,0,1,0,0,0,3,0,0
1002027,1,0,0,5,0,0,0,0,2,0,0
1002028,1,1,0,0,0,0,2,0,2,0,0
1002029,0,0,0,0,3,0,0,0,0,0,0
1002030,0,0,0,0,3,0,1,0,0,0,0
1002031,0,0,0,0,0,0,0,0,2,0,0
1002032,0,0,0,0,0,1,0,0,0,0,0
1002033,2,2,0,0,0,1,2,0,2,0,1
1002034,0,0,0,0,0,2,0,0,0,0,0
1002035,0,3,0,0,0,2,3,0,3,0,0
1002036,0,1,1,0,1,0,1,1,1,0,0
1002038,0,1,0,0,0,0,1,0,1,0,0
1002041,3,3,0,1,0,0,4,0,2,1,0
1002044,0,0,1,0,0,1,0,1,1,0,0
1002045,0,0,1,0,0,0,1,0,1,0,0
1002046,0,0,0,0,1,0,0,0,3,0,0
1002047,0,0,0,0,2,0,0,0,1,0,0
1002049,0,0,0,0,3,0,0,0,0,1,0
1002052,0,1,0,0,2,0,1,0,1,0,0
1002053,0,0,0,0,1,0,0,0,0,0,5
1002054,0,0,0,1,0,0,0,0,0,0,0
1002059,0,0,0,1,0,0,0,0,0,0,0
1002061,0,0,0,0,0,0,0,0,2,0,0
1002063,0,1,0,0,0,0,1,0,0,0,0
1002064,0,0,0,0,1,0,0,0,0,0,0
1002065,0,1,1,0,0,0,1,0,0,0,0
1002066,0,0,0,0,0,0,0,0,1,0,0
1002067,1,1,1,0,0,0,1,0,1,0,0
1002068,1,0,1,0,0,1,1,1,0,0,0
1002075,1,1,0,0,0,0,1,1,0,0,0
1002077,0,0,1,0,0,0,0,1,0,0,0
1002078,0,0,0,0,0,0,1,0,2,0,0
1002079,0,1,0,0,0,0,1,0,0,0,0
1002080,1,1,0,1,0,0,1,0,0,0,0
1002081,0,0,0,0,0,0,1,0,0,1,1
1002082,0,2,1,0,0,0,1,0,0,0,0
1002083,0,1,0,0,0,0,1,0,0,0,0
1002086,1,1,0,0,0,0,1,0,0,0,0
1002087,0,0,0,0,0,1,0,0,0,0,0
1002088,0,1,0,0,0,0,1,1,0,1,0
1002092,0,1,0,0,0,0,1,0,0,1,0
1002093,0,0,1,0,0,0,0,1,1,2,0
1002097,0,0,1,0,0,0,0,1,0,0,0
1002098,0,0,0,0,0,0,0,1,0,0,0
1002102,1,1,0,0,0,0,1,0,1,0,0
1002103,0,1,0,0,0,0,1,0,0,1,0
1002104,0,0,0,1,0,0,0,0,0,0,0
1002105,0,0,0,0,0,1,0,0,1,0,0
1002106,1,0,0,0,0,0,1,0,0,0,0
1002107,0,1,0,0,0,0,1,0,0,0,0
1002110,0,0,1,0,0,0,0,1,0,0,0
1002111,1,1,0,0,0,0,1,0,0,1,0
1002112,0,0,0,0,0,0,1,0,2,0,0
1002113,0,0,0,0,0,0,0,0,2,0,0
1002114,0,0,0,0,0,0,0,0,3,0,0
1002115,0,0,0,0,0,0,0,0,1,0,0
1002117,0,1,0,0,0,0,1,0,0,0,0
1002118,0,0,0,1,0,1,0,0,0,0,0
1002119,0,1,0,0,0,0,1,0,0,1,0
1002120,2,0,2,0,0,0,2,0,0,0,0
1002121,0,1,0,0,0,0,1,0,1,0,0
1002122,0,0,0,1,0,1,0,0,0,0,0
1002123,1,1,0,0,0,0,1,0,0,0,0
1002125,0,0,0,0,0,0,1,1,0,0,0
1002132,0,0,0,2,0,0,0,0,1,0,0
1002134,0,0,0,0,0,1,1,0,0,1,0
1002139,0,0,0,0,1,0,0,0,0,0,0
1002140,0,0,0,0,0,0,0,0,3,0,0
1002141,0,0,1,0,0,0,0,1,2,0,0
1002142,1,1,0,0,0,1,1,0,0,0,0
1002143,0,1,1,0,0,0,1,0,0,0,0
1002145,0,1,0,0,0,0,1,0,0,0,0
1002146,0,1,0,0,0,0,1,0,0,0,0
1002149,0,1,1,0,0,0,1,0,0,0,0
1002151,0,0,1,0,0,0,0,0,0,0,0
1002152,0,1,1,0,0,0,1,0,0,1,0
1002153,0,0,0,0,1,0,0,0,0,0,0
1002154,0,1,0,0,0,0,1,0,0,0,0
1002155,0,1,1,0,0,0,1,0,1,1,0
1002156,0,1,0,0,0,0,1,0,0,1,0
1002162,0,0,1,0,0,0,0,1,0,0,0
1002163,0,0,0,0,0,0,0,1,0,0,0
1002166,0,2,0,0,0,0,1,0,1,0,0
1002167,1,1,0,0,0,1,1,0,1,1,0
1002170,1,1,0,0,0,0,1,0,0,0,0
1002171,1,1,1,0,0,0,1,1,0,0,0
1002172,1,1,0,0,0,0,1,0,0,0,0
1002175,1,1,1,0,0,0,1,0,0,0,0
1002178,1,0,0,2,0,0,1,1,1,0,0
1002180,0,0,0,0,1,0,0,0,0,0,0
1002185,1,1,0,0,0,0,1,0,1,1,0
1002187,0,0,1,0,0,0,0,1,1,0,0
1002190,1,1,1,0,0,0,1,1,0,0,0
1002191,0,0,0,0,1,0,0,0,0,0,0
1002192,0,0,0,0,0,0,0,0,1,0,0
1002193,0,1,0,0,0,0,1,0,1,0,0
1002194,0,1,1,0,0,0,1,0,0,0,0
1002195,0,0,0,1,0,0,0,0,1,0,0
1002196,0,0,0,0,0,1,0,0,1,0,0
1002198,1,1,0,0,0,0,1,0,2,0,0
1002200,0,0,0,0,0,0,0,0,2,0,0
1002204,1,1,1,0,0,0,0,1,0,1,0
1002205,0,1,2,0,0,0,1,0,1,0,0
1002207,0,0,1,0,0,0,0,1,0,0,0
1002212,1,1,0,0,0,0,1,1,1,0,0
1002213,1,1,0,0,0,0,1,0,1,0,0
1002214,0,1,0,0,0,1,1,1,0,0,0
1002215,1,1,0,0,0,0,1,0,0,1,0
1002216,1,0,0,1,0,0,1,0,0,0,0
1002217,0,0,0,0,0,0,1,0,0,0,0
1002218,0,0,0,0,0,0,0,0,1,0,0
1002219,0,1,0,0,0,0,1,0,0,0,0
1002222,0,0,1,0,0,0,0,1,0,0,0
1002228,0,1,0,0,0,1,1,1,0,0,0
1002229,1,1,1,0,0,0,1,1,1,0,0
1002230,0,1,0,0,0,0,1,0,1,0,0
1002231,0,2,0,0,0,0,1,0,0,0,0
1002232,0,0,0,0,0,1,0,0,0,0,0
1002233,0,0,0,0,0,0,0,0,1,0,0
1002234,1,0,0,0,0,1,1,0,1,1,0
1002235,1,1,0,0,0,0,1,0,1,0,0
1002237,0,0,0,0,1,0,0,0,0,0,0
1002238,1,2,0,0,0,0,1,0,0,0,0
1002241,0,0,0,0,0,0,0,0,3,0,0
1002242,0,0,1,0,0,1,1,1,0,0,0
1002245,0,0,1,0,0,0,0,1,0,0,0
1002247,1,1,0,0,0,1,1,0,0,0,0
1002248,0,1,1,0,0,0,1,1,0,1,0
1002251,1,1,0,0,0,0,1,0,0,0,0
1002252,0,0,0,0,1,0,0,0,0,0,0
1002254,0,1,0,0,0,0,1,0,0,0,0
1002256,0,2,1,0,0,1,1,0,0,0,0
1002257,0,0,0,0,0,1,0,0,0,0,0
1002260,1,1,0,1,0,0,1,0,0,1,0
1002261,1,1,0,0,0,0,1,0,0,1,0
1002263,1,1,0,0,0,0,1,0,1,1,0
1002264,0,0,0,0,0,0,0,0,1,0,0
1002266,1,1,0,0,0,0,1,0,0,1,0
1002267,0,1,0,0,0,0,1,0,0,1,0
1002269,0,0,0,0,0,0,0,0,2,0,0
1002270,0,0,1,0,0,0,0,1,2,1,0
1002272,0,0,0,0,0,0,0,0,1,0,0
1002273,0,0,0,0,0,0,1,0,0,1,0
1002274,0,0,1,0,0,0,0,1,1,1,0
1002275,0,0,1,0,0,0,0,1,0,1,0
1002277,1,0,0,1,0,0,0,0,0,0,0
1002279,1,2,0,0,0,0,1,1,0,0,0
1002280,0,1,0,0,0,0,1,0,0,0,0
1002281,0,0,0,0,0,0,0,0,1,0,0
1002285,0,1,0,0,0,0,1,0,0,0,0
1002286,0,0,0,0,0,0,0,0,1,0,0
1002287,1,1,0,0,0,0,1,0,3,1,0
1002288,0,0,0,0,0,1,0,0,0,0,0
1002289,0,0,1,0,0,0,0,1,1,0,0
1002292,0,0,0,0,0,0,0,0,1,0,0
1002293,0,0,0,0,0,0,0,0,2,0,0
1002295,0,1,0,0,0,1,1,1,0,0,0
1002296,0,0,0,0,0,1,0,0,0,0,0
1002297,0,0,0,0,1,0,0,0,0,0,0
1002299,0,1,1,0,0,0,1,1,0,1,0
1002303,1,0,0,0,0,0,1,0,1,0,0
1002304,0,0,1,0,0,0,0,0,0,0,0
1002305,0,0,2,0,0,0,0,2,0,0,0
1002306,0,1,0,0,0,1,1,0,0,1,0
1002312,0,2,0,0,0,0,1,1,3,0,0
1002313,0,1,0,0,0,0,1,0,0,0,0
1002320,0,0,1,0,0,0,0,1,0,0,0
1002321,0,0,0,0,0,0,0,0,1,0,0
1002323,0,0,0,0,1,0,0,0,0,0,0
1002329,0,1,0,0,0,0,1,0,0,0,0
1002331,1,1,0,0,0,0,1,0,0,0,0
1002332,0,1,0,0,0,0,1,0,0,1,0
1002334,0,1,0,0,0,0,1,0,0,1,0
1002338,1,2,0,0,0,0,1,0,1,1,0
1002339,0,0,1,0,0,0,0,0,0,0,0
1002341,0,0,0,0,0,1,0,0,1,0,0
1002343,0,1,0,0,0,0,1,0,0,0,0
1002346,0,0,1,0,0,0,0,0,0,0,0
1002348,0,1,0,1,0,0,0,0,0,1,0
1002351,0,0,0,0,1,0,0,0,0,0,0
1002355,0,0,0,1,0,0,0,0,0,0,0
1002356,0,1,1,0,0,0,1,1,1,0,0
1002357,0,0,0,0,0,0,0,0,1,0,0
1002359,0,0,0,0,1,0,0,0,0,0,0
1002361,0,0,0,0,0,0,0,0,1,0,0
1002362,0,0,0,0,1,0,0,0,0,0,0
1002363,0,0,0,0,0,1,0,0,1,0,0
1002364,0,1,0,0,0,0,1,0,1,1,0
1002366,0,0,0,0,1,0,0,0,0,0,0
1002367,0,0,0,0,0,0,0,0,2,0,0
1002368,1,0,0,0,0,0,0,0,0,0,0
1002372,0,0,0,0,1,0,0,0,0,0,0
1002373,0,2,0,0,0,0,1,0,2,0,0
1002375,1,1,0,0,0,0,1,0,0,0,0
1002376,0,0,1,0,0,1,0,1,0,0,0
1002377,0,0,0,0,0,0,0,0,2,0,0
1002380,0,0,0,0,0,0,0,0,1,0,0
1002381,0,1,0,0,0,0,1,0,0,0,0
1002382,0,1,0,0,0,0,1,0,0,0,0
1002383,0,2,0,0,0,0,1,1,0,0,0
1002388,0,0,0,1,0,0,1,0,1,0,0
1002389,0,0,0,0,0,0,0,0,1,0,0
1002390,1,1,0,0,0,0,1,0,0,0,0
1002395,0,0,0,0,0,0,1,0,0,1,0
1002399,0,1,0,0,0,0,1,0,0,0,0
1002400,1,2,0,0,0,0,1,0,1,0,0
1002401,1,1,0,0,0,0,1,0,0,1,0
1002402,0,0,0,0,0,0,0,0,1,0,0
1002403,0,0,0,0,1,0,0,0,0,0,0
1002404,0,0,1,0,0,0,0,1,0,0,0
1002408,0,3,0,0,0,0,1,0,0,0,0
1002410,0,0,1,0,0,0,1,1,0,0,0
1002412,0,1,0,0,0,0,1,0,2,0,0
1002413,0,1,0,0,0,0,1,0,1,0,0
1002414,0,0,0,0,1,0,0,0,0,0,0
1002415,0,1,0,0,0,0,1,0,1,1,0
1002416,0,0,1,0,0,0,0,1,1,0,0
1002417,0,1,0,0,0,0,1,0,0,0,0
1002419,0,0,0,0,0,2,0,0,1,0,0
1002424,0,0,0,0,0,0,0,0,2,0,0
1002430,0,0,1,0,0,0,0,1,0,0,0
1002432,0,0,0,0,0,1,1,0,0,0,0
1002447,1,1,0,0,0,0,1,0,0,0,0
1002449,0,0,1,0,0,0,0,1,0,0,0
1002452,0,0,0,0,0,0,0,0,3,0,0
1002460,1,0,0,0,0,0,1,0,1,1,0
1002461,0,2,0,0,0,0,1,0,0,1,0
1002462,0,1,0,0,0,0,1,0,2,0,0
1002463,2,1,0,0,0,0,1,0,0,0,0
1002464,1,0,0,0,0,0,1,1,0,1,0
1002468,0,0,0,0,0,0,0,0,1,0,0
1002469,1,1,0,0,0,0,1,0,0,0,0
1002470,0,0,0,0,0,0,0,0,1,0,0
1002471,0,0,0,0,0,0,0,0,1,0,0
1002472,0,0,0,0,0,0,0,0,1,0,0
1002473,0,1,0,0,0,0,1,1,0,0,0
1002475,0,1,0,0,0,0,1,0,0,1,0
1002476,1,2,0,0,0,0,1,1,0,1,0
1002477,0,0,1,0,0,0,0,1,0,0,0
1002479,1,1,0,0,0,0,1,0,0,0,0
1002482,0,0,0,0,0,0,0,0,3,0,0
1002484,0,0,0,0,0,0,0,0,2,0,1
1002486,0,0,1,0,0,0,0,1,0,0,0
1002489,1,1,0,0,0,0,1,0,1,0,0
1002490,1,0,0,0,0,0,1,0,1,1,0
1002491,2,1,0,0,0,0,1,0,0,0,0
1002495,0,0,0,1,0,0,0,0,0,0,0
1002503,0,0,1,0,0,0,0,1,0,0,0
1002505,0,0,0,0,1,0,0,0,0,0,0
1002506,0,0,0,0,1,0,0,0,0,0,0
1002507,0,0,0,0,1,0,0,0,0,0,0
1002508,0,1,0,0,0,0,1,0,0,1,0
1002509,0,2,0,0,0,0,1,0,0,0,0
1002512,0,0,0,0,1,0,0,0,0,0,0
1002513,0,1,0,0,0,0,1,0,1,0,0
1002514,0,0,0,0,0,1,0,0,1,0,0
1002515,0,0,0,0,0,0,0,0,1,0,0
1002518,0,1,0,0,0,0,1,0,1,0,0
1002519,0,0,0,0,1,0,0,0,0,0,0
1002520,0,1,0,0,0,0,1,0,0,0,0
1002521,0,0,0,0,0,0,0,0,1,0,0
1002523,0,1,0,0,0,0,1,0,2,0,0
1002525,0,0,0,0,0,0,0,0,2,0,0
1002528,0,0,0,0,0,0,0,1,0,0,0
1002529,1,1,0,0,0,0,1,0,0,0,0
1002530,1,1,0,0,0,0,1,0,0,0,0
1002532,1,1,0,0,0,0,1,0,0,0,0
1002533,0,0,0,1,0,0,3,0,2,0,0
1002534,1,1,0,0,0,1,1,0,1,0,0
1002535,0,0,0,0,0,0,0,0,1,0,0
1002536,0,0,0,0,0,0,1,1,0,0,0
1002537,1,1,0,0,0,0,1,0,0,1,0
1002538,0,0,0,0,0,1,0,0,1,0,0
1002545,0,0,0,0,0,0,0,0,1,0,0
1002551,0,3,0,0,0,0,1,0,0,0,0
1002552,0,1,0,0,0,0,1,1,1,0,0
1002554,0,1,1,0,0,0,1,1,0,0,0
1002556,0,0,0,0,0,0,0,0,1,0,0
1002557,0,0,0,0,0,0,1,0,0,0,0
1002558,1,0,0,0,0,0,1,0,0,0,0
1002560,0,0,0,0,1,0,0,0,0,0,0
1002564,0,1,0,0,0,0,1,0,0,0,0
1002565,0,1,0,0,0,0,1,0,0,0,0
1002567,0,0,1,0,0,0,0,1,0,0,0
1002569,1,1,0,1,0,0,1,0,0,0,0
1002570,0,1,0,0,0,0,1,0,0,0,0
1002571,0,1,0,0,0,0,1,0,0,0,0
1002572,0,1,0,0,0,0,1,0,0,0,0
1002573,0,0,0,0,0,0,0,0,1,0,0
1002574,0,0,0,0,0,0,0,0,1,0,0
1002575,1,1,0,0,0,0,1,0,0,1,0
1002579,1,1,0,0,0,0,1,0,0,0,0
1002581,0,1,0,0,0,0,1,0,0,0,0
1002582,0,1,0,0,0,0,1,0,1,1,0
1002583,0,2,0,0,0,0,1,0,1,1,0
1002584,1,1,0,0,0,0,1,0,0,0,0
1002586,0,0,0,0,0,0,1,1,0,0,0
1002590,1,1,0,0,0,0,1,0,0,0,0
1002592,0,0,0,0,0,0,0,0,2,0,0
1002593,1,1,0,0,0,0,1,0,0,1,0
1002594,1,1,0,0,0,0,1,0,0,1,0
1002595,0,0,0,0,1,0,0,0,0,0,0
1002598,0,0,1,0,0,0,0,1,0,0,0
1002599,1,0,1,0,0,0,0,0,1,1,0
1002600,1,1,0,0,0,0,1,0,1,0,0
1002602,0,0,1,0,0,0,1,1,0,0,0
1002603,0,0,0,0,0,0,0,0,1,0,0
1002604,0,0,0,0,1,0,0,0,0,0,0
1002606,0,0,0,0,0,0,1,0,0,0,0
1002608,0,0,0,0,1,0,0,0,0,0,0
1002612,0,0,0,0,1,0,0,0,0,0,0
1002613,1,1,0,0,0,0,1,0,1,0,0
1002614,0,0,0,0,0,1,0,0,2,0,0
1002615,1,2,1,0,0,1,1,0,0,0,0
1002616,0,0,0,0,0,1,0,0,0,0,0
1002617,0,0,0,0,0,0,1,0,0,0,0
1002618,1,1,0,0,0,0,1,0,0,1,0
1002619,0,1,0,0,0,0,1,0,0,1,0
1002620,0,1,0,0,0,0,1,0,0,0,0
1002621,0,2,0,0,0,0,1,0,0,0,0
1002624,0,0,0,0,0,0,1,0,0,0,0
1002626,1,1,0,0,0,0,1,0,0,0,0
1002627,0,1,0,0,0,0,1,0,0,1,0
1002628,0,0,0,0,1,0,0,0,0,0,0
1002629,0,0,0,0,1,0,0,0,0,0,0
1002630,1,1,0,0,0,0,1,0,0,1,0
1002631,0,1,0,0,0,1,1,0,1,0,0
1002633,0,0,0,0,1,0,0,0,0,0,0
1002634,0,0,0,0,0,0,0,0,1,0,0
1002638,1,2,0,0,0,0,1,0,2,0,0
1002639,0,0,0,0,0,0,1,0,0,0,0
1002640,0,2,0,0,0,0,2,0,1,0,0
1002641,0,0,0,0,0,0,0,0,1,0,0
1002645,0,0,0,0,0,0,0,0,2,0,0
1002653,0,0,0,0,1,0,0,0,0,0,0
1002654,0,0,0,0,0,1,0,0,0,0,0
1002655,0,0,0,0,0,0,0,0,3,0,1
1002658,0,0,0,0,0,0,0,0,0,0,1
1002659,0,0,0,0,0,0,0,0,2,0,0
1002661,0,3,0,0,0,0,1,0,1,0,0
1002662,0,0,0,0,1,0,0,0,0,0,0
1002663,1,1,0,0,0,0,1,0,0,0,0
1002664,2,0,0,0,0,0,1,0,0,1,0
1002666,0,0,0,0,0,1,0,0,1,0,0
1002667,0,1,0,0,0,0,1,0,1,2,1
1002674,1,1,0,0,0,0,1,0,0,0,0
1002675,0,0,1,0,0,0,0,1,1,0,0
1002676,0,0,0,0,1,0,0,0,0,0,0
1002677,0,0,0,0,0,6,1,0,0,0,0
1002681,0,0,0,0,0,0,0,0,1,0,0
1002683,0,0,1,0,0,0,0,1,0,0,0
1002684,0,0,0,0,1,0,0,0,0,0,0
1002688,0,0,0,0,0,0,0,0,1,0,0
1002689,0,0,0,0,0,0,0,0,2,0,0
1002690,0,1,0,0,0,0,1,1,0,0,0
1002692,0,0,0,1,0,0,0,0,0,0,0
1002693,0,0,0,0,0,0,0,0,3,0,0
1002694,1,1,0,0,0,0,1,0,0,1,0
1002696,0,0,0,0,1,0,0,0,0,0,0
1002698,0,1,1,0,0,0,1,1,0,0,0
1002699,0,0,0,0,1,0,0,0,0,0,0
1002700,0,0,0,0,1,0,0,0,0,0,0
1002705,0,1,1,0,0,0,1,1,0,0,0
1002706,0,0,0,0,1,0,0,0,0,0,0
1002707,1,0,0,0,0,0,1,0,0,1,0
1002709,0,0,2,0,0,0,0,1,0,0,0
1002710,1,1,0,0,0,0,1,0,0,1,0
1002711,1,1,0,0,0,0,1,0,0,1,0
1002712,0,0,0,0,1,0,0,0,0,0,0
1002715,0,0,0,0,0,0,0,0,1,0,0
1002716,0,0,0,0,0,0,0,0,1,0,0
1002722,0,0,0,0,0,0,0,1,1,0,0
1002723,0,2,0,0,0,0,1,0,0,1,0
1002724,0,0,0,0,1,0,0,0,0,0,0
1002726,0,0,0,0,1,0,0,0,0,0,0
1002727,0,0,0,0,0,1,0,0,0,0,0
1002731,0,1,1,0,0,0,1,1,0,0,0
1002733,0,1,1,0,0,0,1,0,0,0,0
1002734,0,0,0,0,0,1,0,0,0,0,0
1002735,0,1,0,0,0,1,1,0,1,0,0
1002743,1,0,0,0,0,0,1,0,0,0,0
1002744,0,1,0,0,0,0,2,1,0,1,0
1002745,0,1,0,0,0,1,1,0,0,1,0
1002747,0,1,0,0,0,1,1,0,1,1,0
1002749,0,0,0,0,1,0,0,0,0,0,0
1002752,0,0,0,0,1,0,0,0,0,0,0
1002753,0,0,0,0,1,0,0,0,0,0,0
1002755,0,0,0,0,1,0,0,0,0,0,0
1002756,0,0,0,0,0,0,0,0,1,0,0
1002758,0,0,1,0,0,0,0,1,2,0,0
1002759,0,0,0,0,0,0,0,0,1,0,0
1002760,0,0,0,0,0,0,0,0,1,0,0
1002761,0,0,1,1,0,0,0,1,0,0,0
1002764,0,0,0,0,0,0,0,0,2,0,0
1002765,0,0,0,0,1,0,0,0,0,0,0
1002767,0,1,0,0,0,0,1,0,0,0,0
1002768,0,1,0,0,0,0,1,0,1,1,0
1002771,0,1,0,0,0,0,1,0,0,1,0
1002773,0,0,0,0,0,0,0,0,1,0,0
1002774,0,0,0,0,0,0,1,0,0,0,0
1002781,0,1,0,0,0,0,1,1,0,0,0
1002782,0,0,0,0,0,0,0,0,1,0,0
1002783,0,3,0,0,0,0,1,0,0,0,0
1002786,1,0,0,1,0,0,0,0,0,0,0
1002788,1,1,1,0,0,0,1,0,0,0,0
1002791,0,0,0,1,0,0,0,0,0,1,0
1002794,1,1,0,0,0,0,1,1,0,0,0
1002795,0,0,0,0,1,0,0,0,0,0,0
1002796,0,0,0,0,1,0,0,0,0,0,0
1002798,0,0,0,0,1,0,0,0,0,0,0
1002799,0,0,0,0,0,0,0,0,1,0,0
1002802,0,0,0,0,0,0,0,0,1,0,0
1002804,0,0,0,0,0,0,0,0,1,0,0
1002805,0,1,0,0,0,0,1,2,1,0,0
1002809,0,0,0,0,1,0,0,0,0,0,0
1002810,0,0,0,0,1,0,0,0,0,0,0
1002811,0,1,0,0,0,0,1,0,1,0,0
1002812,0,0,0,0,0,1,0,0,0,0,0
1002817,0,0,0,0,0,0,0,0,2,0,0
1002821,0,1,0,0,0,0,1,0,1,0,0
1002823,1,2,0,0,0,0,1,0,0,0,0
1002824,0,1,0,0,0,0,1,1,2,0,0
1002825,1,1,0,0,0,0,1,0,0,0,0
1002831,0,1,0,0,0,0,1,1,1,0,0
1002832,0,1,0,0,0,0,1,0,0,0,0
1002833,1,0,0,0,0,1,1,0,1,0,0
1002834,0,1,0,0,0,0,1,0,1,1,0
1002835,0,0,0,0,1,0,0,0,0,0,0
1002836,0,0,1,0,0,0,0,1,1,0,0
1002838,0,0,1,0,0,0,1,0,1,0,0
1002839,0,0,0,0,1,0,0,0,0,0,0
1002840,0,1,0,0,0,0,1,0,1,0,0
1002841,0,1,1,0,0,0,1,0,0,0,0
1002842,0,0,0,0,0,0,0,0,1,0,0
1002845,0,2,0,0,0,0,1,0,0,0,0
1002848,1,1,0,0,0,2,1,1,0,0,0
1002851,0,0,0,0,0,0,0,0,3,0,0
1002852,0,1,0,0,0,0,1,0,0,0,0
1002854,1,1,0,0,0,0,1,0,0,0,0
1002857,0,0,1,0,0,0,0,0,2,0,0
1002858,0,0,1,0,0,0,0,1,0,0,0
1002860,0,0,0,0,0,0,0,0,1,0,0
1002865,0,1,0,0,0,0,1,0,0,1,0
1002869,0,1,0,0,0,0,1,0,0,1,0
1002870,0,0,0,0,0,0,0,0,1,0,0
1002871,0,0,0,0,1,0,0,0,0,0,0
1002872,0,0,0,0,1,0,0,0,0,0,0
1002873,0,0,0,0,0,1,0,0,0,0,0
1002874,0,0,0,0,0,1,0,0,0,0,0
1002877,0,0,0,0,0,0,0,0,3,0,1
1002879,0,0,0,0,0,0,0,0,2,0,0
1002881,0,0,0,0,0,0,0,0,1,0,0
1002883,0,0,0,0,0,1,0,0,0,0,0
1002884,0,1,0,0,0,0,1,0,0,0,0
1002885,0,2,0,0,0,1,1,0,0,1,0
1002887,1,1,0,0,0,0,1,0,1,0,0
1002890,1,1,0,0,0,0,1,0,0,1,0
1002891,0,0,0,0,0,1,1,0,0,0,0
1002894,0,0,1,0,0,0,0,1,1,0,0
1002896,0,0,0,0,0,1,0,0,0,0,0
1002901,0,0,0,0,0,1,0,0,0,0,0
1002902,1,0,0,0,0,0,1,0,1,0,0
1002904,1,1,0,0,0,0,1,0,1,1,0
1002905,1,1,1,0,0,0,1,1,0,1,0
1002907,1,1,0,0,0,0,1,0,0,0,0
1002908,0,0,1,0,0,0,0,1,0,0,0
1002914,0,0,0,0,0,0,0,1,0,0,0
1002917,0,0,0,0,0,0,0,0,1,0,0
1002918,0,1,1,0,0,0,1,1,0,1,0
1002920,1,1,1,0,0,0,1,1,0,0,0
1002921,0,0,0,0,1,0,0,0,0,0,0
1002924,0,0,0,0,1,0,0,0,0,0,0
1002928,1,2,0,0,0,0,1,0,0,0,0
1002931,0,1,0,0,0,0,1,0,0,0,0
1002932,0,1,0,0,0,0,1,0,0,1,0
1002933,1,1,0,0,0,0,1,0,0,0,0
1002936,0,0,0,0,1,0,0,0,0,0,0
1002938,0,1,0,0,0,0,1,0,0,0,0
1002939,0,0,0,0,1,0,0,0,0,0,0
1002940,1,1,0,0,0,0,1,0,0,0,0
1002941,0,0,0,0,1,0,0,0,0,0,0
1002942,0,0,1,0,0,0,0,0,1,0,0
1002943,0,0,0,0,0,0,0,1,0,0,0
1002944,0,0,0,0,1,0,0,0,0,0,0
1002945,0,1,0,0,0,0,1,0,0,0,0
1002946,0,0,0,0,0,0,0,0,1,0,0
1002948,1,2,0,0,0,0,1,0,1,1,0
1002949,1,1,0,0,0,0,1,0,0,0,0
1002950,0,1,0,0,0,0,1,1,0,0,0
1002951,0,0,0,0,1,0,0,0,0,0,0
1002952,1,0,0,0,0,0,0,0,0,1,0
1002956,0,0,0,0,0,0,0,0,1,0,0
1002957,0,0,0,0,0,1,0,0,2,0,0
1002958,0,1,1,0,0,0,1,0,0,0,0
1002959,1,1,0,0,0,0,1,0,0,1,0
1002960,0,1,0,0,0,0,1,0,0,0,0
1002961,0,0,0,0,0,0,0,0,2,0,0
1002963,0,0,1,0,0,0,0,1,0,0,0
1002964,0,0,0,0,0,1,0,0,0,0,0
1002966,0,2,0,0,0,0,1,0,0,0,0
1002967,0,0,0,0,1,0,0,0,0,0,0
1002969,0,1,0,0,0,0,0,0,0,0,0
1002971,1,1,0,0,0,0,1,0,0,0,0
1002972,0,0,0,1,0,0,0,0,1,0,0
1002973,0,1,0,0,0,0,1,0,0,0,0
1002974,0,0,0,0,1,0,0,0,0,0,0
1002977,0,0,0,0,0,0,1,0,0,0,0
1002996,1,1,0,0,0,0,1,0,0,0,0
1002997,0,1,0,0,0,0,1,1,0,0,0
1002999,0,1,0,0,0,0,1,0,0,0,0
1003000,0,0,0,0,1,0,0,0,0,0,0
1003004,1,1,0,0,0,0,1,0,0,1,0
1003007,0,0,0,0,0,1,0,0,1,0,0
1003008,1,1,0,0,0,0,1,1,0,1,0
1003009,0,0,0,0,1,0,0,0,0,0,0
1003012,0,1,0,0,0,0,1,0,0,1,0
1003016,0,0,0,0,0,1,0,0,0,0,0
1003017,0,0,0,0,0,0,1,0,0,0,0
1003022,1,1,0,0,0,0,1,1,1,0,0
1003024,1,1,1,0,0,0,1,0,0,1,0
1003027,0,0,1,0,0,0,0,1,0,0,0
1003029,0,0,1,0,0,1,0,1,0,0,0
1003033,0,0,1,0,0,0,0,1,0,0,0
1003034,0,1,0,0,0,0,1,1,0,0,0
1003035,0,0,0,0,0,0,0,0,1,0,0
1003042,1,1,0,0,0,0,1,1,0,1,0
1003050,0,1,0,0,0,0,1,0,0,1,0
1003051,0,0,0,0,0,0,0,0,1,0,0
1003052,0,1,0,0,0,0,1,0,0,0,0
1003053,0,0,0,0,0,0,0,0,1,0,0
1003054,1,1,0,0,0,0,1,0,0,1,0
1003057,0,0,0,0,0,0,0,0,1,0,0
1003058,0,0,0,0,1,0,0,0,0,0,0
1003062,0,0,0,0,0,0,0,0,2,0,0
1003063,0,0,0,0,1,0,0,0,0,0,0
1003066,0,0,0,0,0,0,0,1,0,0,0
1003067,1,1,0,0,0,0,1,0,1,1,0
1003068,0,1,0,0,0,0,1,0,0,0,0
1003069,0,0,0,0,0,0,0,0,1,0,0
1003073,0,0,1,0,0,1,1,1,0,0,0
1003075,0,0,0,0,0,0,0,1,0,0,0
1003077,1,1,0,0,0,0,1,0,0,0,0
1003078,0,0,1,1,0,0,1,1,0,2,0
1003080,0,0,0,0,0,0,0,0,1,0,0
1003082,1,1,0,0,0,0,1,0,0,1,0
1003083,1,1,0,0,0,0,1,0,0,1,0
1003084,0,1,0,0,0,0,1,1,0,0,0
1003085,0,1,0,0,0,0,1,0,0,1,0
1003086,0,0,1,0,0,0,0,1,1,0,0
1003087,1,1,0,0,0,0,1,0,0,1,0
1003088,0,0,0,1,0,0,1,0,1,0,0
1003089,0,1,0,0,0,0,1,0,0,1,0
1003090,0,0,0,0,0,0,0,0,2,0,0
1003091,0,1,1,0,0,0,1,0,0,1,0
1003092,1,1,0,0,0,0,1,0,0,0,0
1003094,0,0,0,0,1,0,0,0,0,0,0
1003095,0,1,0,0,0,0,1,0,0,0,1
1003098,0,0,1,0,0,0,0,1,0,0,0
1003099,0,1,0,0,0,1,1,0,0,0,0
1003100,0,1,0,0,0,1,1,0,1,1,0
1003101,0,0,0,0,0,0,1,0,0,0,0
1003106,0,1,0,0,0,0,1,0,0,0,0
1003107,0,0,0,0,1,0,0,0,0,0,0
1003108,0,0,0,0,0,1,0,0,0,0,0
1003109,0,1,0,0,0,0,1,0,0,0,0
1003112,1,1,0,0,0,0,1,0,0,0,0
1003113,1,1,0,0,0,0,1,0,1,0,0
1003117,0,1,0,0,0,0,1,0,0,0,0
1003118,0,0,0,0,0,0,0,0,2,0,0
1003119,0,0,1,0,0,0,0,1,0,0,0
1003120,0,0,1,0,0,0,0,1,0,0,0
1003125,0,0,0,0,1,0,0,0,0,0,0
1003129,0,0,0,0,0,0,1,0,0,1,0
1003130,0,0,0,0,0,1,0,0,0,0,0
1003131,0,2,1,0,0,0,1,0,0,0,0
1003132,0,0,0,0,0,0,0,0,2,0,0
1003133,0,0,0,0,0,0,0,0,2,0,0
1003136,0,1,0,0,0,0,1,0,0,0,0
1003137,0,1,0,0,0,0,1,0,0,0,0
1003138,0,0,1,0,0,0,0,0,0,0,0
1003139,0,1,0,0,0,0,1,1,1,0,0
1003140,0,0,0,0,0,1,0,0,0,0,0
1003141,0,0,0,0,0,1,0,0,0,0,0
1003144,1,1,0,0,0,1,1,0,0,0,0
1003146,1,0,0,0,0,0,1,0,0,0,0
1003147,0,0,0,0,1,0,0,0,0,0,0
1003148,0,1,0,0,0,0,1,0,0,0,0
1003149,0,0,1,0,0,0,0,1,0,0,0
1003152,1,1,0,0,0,0,1,0,0,0,0
1003155,1,1,1,0,0,1,1,1,0,1,0
1003156,0,0,0,0,1,0,0,0,0,0,0
1003157,0,2,0,0,0,0,1,0,1,0,0
1003158,0,0,0,0,0,0,0,0,1,0,0
1003159,0,0,0,0,0,0,0,0,3,0,0
1003160,0,0,1,0,0,0,0,1,1,0,0
1003162,1,2,0,0,0,0,1,0,0,1,0
1003164,0,1,0,0,0,0,1,0,0,1,0
1003165,0,1,0,0,0,0,1,0,0,0,0
1003167,1,1,1,0,0,0,1,1,0,1,0
1003168,1,1,0,0,0,0,1,0,0,1,0
1003169,0,1,0,0,0,0,1,1,0,0,0
1003170,0,0,0,0,0,1,0,0,0,0,0
1003173,0,1,0,0,0,0,1,0,2,0,0
1003174,0,0,0,0,0,0,0,0,1,0,0
1003175,0,0,1,0,0,0,0,1,0,0,0
1003176,0,1,0,0,0,0,1,0,0,0,0
1003177,1,1,0,0,0,2,2,0,2,0,0
1003178,1,1,1,0,0,0,1,0,0,1,0
1003179,0,0,0,0,0,0,0,0,2,0,0
1003180,0,0,0,0,0,1,0,0,0,0,0
1003183,1,1,0,0,0,0,1,0,0,1,0
1003184,0,1,0,0,0,0,1,0,0,0,0
1003186,1,2,0,0,0,0,1,0,1,0,0
1003187,0,0,0,0,0,0,0,0,1,0,0
1003190,0,1,1,0,0,0,1,0,0,0,0
1003191,1,1,0,0,0,0,1,0,0,1,0
1003193,0,1,1,0,0,0,1,0,0,0,0
1003194,0,0,0,0,1,0,0,0,0,0,0
1003198,0,0,0,0,0,0,1,0,1,1,0
1003199,0,0,0,0,0,0,0,0,2,0,0
1003200,0,1,0,0,0,2,1,0,0,0,0
1003201,1,1,0,0,0,0,1,0,0,0,0
1003202,0,0,1,0,0,0,0,2,1,0,0
1003203,0,0,0,0,0,0,0,0,1,0,0
1003204,0,1,0,0,0,0,1,0,3,0,0
1003205,1,2,0,0,0,0,1,0,1,0,0
1003206,1,1,0,0,0,0,1,0,0,1,0
1003209,0,0,0,0,0,0,0,0,1,0,0
1003210,0,0,0,0,1,0,0,0,0,0,0
1003211,0,0,1,0,0,0,0,1,0,0,0
1003213,0,0,1,0,0,0,0,1,0,0,0
1003214,0,0,0,0,1,0,0,0,0,0,0
1003216,0,1,0,0,0,0,1,0,0,0,0
1003217,0,0,0,0,1,0,0,0,0,0,0
1003219,0,0,0,0,0,0,1,0,0,0,1
1003220,0,1,1,0,0,0,2,0,1,0,0
1003221,0,0,0,0,0,0,0,0,1,0,0
1003222,1,0,0,1,0,0,0,0,0,0,0
1003224,0,2,0,0,0,1,1,1,2,0,0
1003225,0,1,0,0,0,0,1,0,0,0,0
1003226,0,1,0,0,0,1,1,0,1,0,0
1003228,0,1,1,0,0,1,1,0,0,0,0
1003230,1,1,0,0,0,0,1,0,0,0,0
1003231,1,1,0,0,0,0,1,0,0,0,0
1003232,0,1,0,0,0,2,1,0,2,0,0
1003234,0,0,0,0,1,0,0,0,0,0,0
1003236,0,0,0,0,1,0,0,0,0,0,0
1003237,0,0,1,0,0,0,0,1,1,0,0
1003238,0,0,0,0,0,0,0,1,0,0,0
1003239,0,0,1,0,0,0,0,1,0,0,0
1003240,0,0,0,0,1,0,0,0,0,0,0
1003241,0,1,0,0,0,0,2,0,0,1,0
1003242,0,0,1,0,0,0,0,0,0,0,0
1003243,0,0,0,0,1,0,0,0,0,0,0
1003244,0,0,1,0,0,0,0,1,0,0,0
1003245,0,0,0,0,0,1,0,0,1,0,0
1003247,0,0,0,2,0,0,1,0,0,0,0
1003249,0,0,0,0,1,0,0,0,0,0,0
1003252,0,1,0,0,0,0,1,0,0,0,0
1003253,0,1,1,0,0,0,1,1,1,0,0
1003254,1,1,0,0,0,0,1,0,0,1,0
1003257,1,1,0,0,0,0,1,0,0,1,0
1003259,0,0,0,0,0,0,0,0,1,0,0
1003260,1,1,0,0,0,0,1,0,0,0,0
1003261,0,1,0,0,0,0,1,0,0,1,0
1003262,0,0,0,0,0,0,1,1,1,0,0
1003263,0,1,0,0,0,0,1,0,0,0,0
1003264,0,1,0,0,0,0,1,0,0,1,0
1003266,0,1,0,0,0,0,0,0,0,1,0
1003270,1,1,0,0,0,0,1,0,1,0,0
1003271,1,1,0,0,0,2,1,0,1,1,0
1003275,0,3,0,0,0,1,1,0,1,0,1
1003276,0,2,0,0,0,0,1,0,0,0,0
1003278,0,0,0,0,0,0,0,0,2,0,0
1003279,0,0,0,0,0,0,0,0,2,0,0
1003280,1,0,0,0,0,0,0,0,0,0,0
1003281,0,1,0,0,0,0,2,0,2,0,0
1003282,0,1,0,0,0,0,1,0,0,0,0
1003288,0,1,1,0,0,1,1,0,2,0,0
1003289,0,0,0,0,0,1,1,0,0,0,0
1003290,0,0,0,0,1,0,0,0,0,0,0
1003291,0,0,0,0,0,0,1,0,0,0,0
1003292,0,0,0,0,0,1,0,0,1,0,0
1003297,0,1,0,0,0,1,1,0,0,0,0
1003298,0,1,0,0,0,0,1,0,0,0,0
1003299,0,0,0,0,0,0,0,0,1,0,0
1003301,1,1,0,0,0,0,1,0,2,1,0
1003305,0,0,0,0,0,0,1,0,0,0,0
1003306,0,0,0,0,0,1,1,0,0,0,0
1003307,0,1,0,0,0,1,1,0,0,0,0
1003309,0,0,0,0,0,1,0,0,0,0,0
1003310,0,0,0,0,0,0,1,0,0,2,0
1003313,0,1,0,0,0,0,1,0,0,0,0
1003314,0,1,0,0,0,0,1,0,0,0,0
1003316,0,0,0,0,0,0,1,0,1,0,0
1003320,0,0,0,0,0,1,1,0,1,0,0
1003326,0,0,0,0,0,0,1,0,0,0,0
1003330,0,1,0,0,0,1,1,0,0,0,0
1003331,0,0,0,0,0,0,0,0,2,0,0
1003332,0,0,0,0,1,0,0,0,0,0,0
1003333,0,1,0,0,0,0,1,0,0,0,0
1003335,0,0,0,0,0,0,1,0,1,0,0
1003336,1,2,0,0,0,0,1,0,0,0,0
1003337,0,0,1,0,0,0,0,1,0,0,0
1003339,0,0,0,0,0,0,1,0,0,0,0
1003341,0,1,0,0,0,0,1,0,0,1,1
1003342,0,1,0,0,0,0,1,0,0,0,0
1003343,0,0,0,0,0,0,0,0,1,0,0
1003344,0,0,0,0,0,0,0,0,1,0,0
1003345,0,0,0,0,1,0,0,0,0,0,0
1003346,0,0,1,0,0,1,0,1,0,0,0
1003347,0,0,0,0,0,0,0,0,1,0,0
1003348,0,1,0,0,0,0,1,0,0,0,0
1003350,0,3,0,0,0,0,1,0,0,1,0
1003351,0,0,0,0,0,0,1,0,0,1,0
1003354,1,1,0,0,0,0,1,0,1,1,0
1003355,1,2,1,0,0,2,1,1,0,0,1
1003358,0,0,2,0,0,0,0,2,2,0,0
1003359,0,0,0,0,0,0,0,0,1,0,0
1003360,0,0,0,0,0,0,0,0,1,0,0
1003361,1,2,1,0,0,0,1,0,0,0,0
1003362,1,2,0,0,0,0,1,1,0,0,0
1003364,0,1,0,0,0,0,1,0,1,0,0
1003365,0,0,0,0,1,0,0,0,0,0,0
1003366,0,2,2,0,0,0,1,0,0,1,0
1003367,0,0,1,0,0,0,0,1,0,0,0
1003370,1,1,1,0,0,0,1,0,0,1,0
1003371,0,0,0,0,0,1,1,0,0,0,0
1003373,0,1,0,0,0,0,1,0,0,1,0
1003374,0,0,0,0,0,0,1,0,1,0,0
1003375,1,1,1,0,0,0,1,0,0,1,0
1003376,0,1,0,0,0,0,1,0,0,1,0
1003377,0,2,0,0,0,0,1,0,0,1,0
1003378,0,0,0,0,1,0,0,0,0,0,0
1003379,1,1,0,0,0,1,1,0,0,0,0
1003382,0,0,0,0,0,0,0,0,1,0,0
1003385,0,0,0,0,0,1,0,0,0,1,0
1003386,1,1,0,0,0,0,1,0,0,0,0
1003390,0,1,0,0,0,0,1,0,0,0,0
1003391,0,1,0,0,0,0,1,0,0,0,0
1003392,0,1,0,0,0,1,2,0,0,0,0
1003394,0,2,0,0,0,0,1,0,4,0,0
1003396,0,1,0,0,0,0,1,1,0,1,0
1003399,0,1,0,0,0,0,1,0,0,0,0
1003401,0,1,0,0,0,0,1,0,0,0,0
1003402,0,0,0,0,0,0,1,0,1,0,1
1003403,0,1,0,0,0,0,1,0,0,0,0
1003406,0,0,0,0,0,0,0,1,0,0,1
1003407,1,1,1,0,0,0,1,1,0,0,0
1003408,0,0,0,0,0,0,1,0,0,0,0
1003410,1,1,0,0,0,0,1,0,0,1,0
1003411,0,0,0,0,0,1,1,0,0,0,0
1003413,0,1,0,0,0,0,1,0,0,0,0
1003414,0,0,0,0,1,0,0,0,0,0,0
1003415,0,1,0,0,0,0,1,0,1,0,0
1003418,0,2,0,0,0,0,1,0,0,1,0
1003422,0,1,1,0,0,0,1,1,0,1,0
1003425,0,1,0,0,0,0,1,0,1,0,0
1003427,0,1,0,0,0,1,1,0,1,0,0
1003428,0,0,0,0,1,0,0,0,0,0,0
1003429,0,0,0,0,0,0,1,0,0,0,0
1003431,0,0,0,0,0,0,1,0,0,0,0
1003434,0,0,2,0,0,0,0,2,0,0,0
1003437,1,0,1,0,0,0,1,0,0,0,0
1003439,0,0,1,0,0,0,0,1,1,0,0
1003440,0,1,0,0,0,1,1,0,1,0,0
1003441,0,3,1,0,0,0,1,1,1,1,0
1003442,0,0,0,0,0,0,1,0,0,0,0
1003444,0,0,0,0,0,0,0,0,2,0,0
1003445,0,0,0,0,0,0,0,0,1,0,0
1003446,1,1,0,0,0,0,1,0,1,0,0
1003449,0,1,1,0,0,0,1,1,0,0,0
1003450,0,0,0,0,1,0,0,0,0,0,0
1003451,0,1,0,0,0,0,1,0,0,0,0
1003455,0,0,0,0,0,0,0,0,1,0,0
1003456,1,1,0,0,0,0,1,1,0,0,0
1003458,0,0,0,0,0,0,0,1,0,0,0
1003459,0,0,0,0,0,1,0,0,0,0,0
1003460,0,1,0,0,0,0,1,1,0,0,0
1003463,0,0,0,0,1,0,0,0,0,0,0
1003464,0,1,0,0,0,0,1,0,0,0,0
1003466,0,0,1,0,0,0,0,0,1,0,0
1003467,0,0,1,0,0,0,0,1,1,0,0
1003472,0,6,0,0,0,1,1,0,0,0,0
1003474,0,1,0,0,0,0,1,0,0,1,0
1003475,0,1,0,0,0,0,1,0,0,0,0
1003481,0,2,0,0,0,0,1,0,0,0,0
1003485,1,1,0,0,0,0,2,0,1,0,0
1003489,1,0,0,1,0,1,0,0,0,0,0
1003495,0,0,0,0,0,0,0,0,1,0,0
1003497,0,0,0,0,0,0,0,0,2,0,0
1003498,0,0,0,0,0,1,0,0,0,0,0
1003499,0,0,1,0,0,0,0,1,0,0,0
1003500,0,0,0,0,1,0,0,0,0,0,0
1003501,0,0,0,0,1,0,0,0,0,0,0
1003502,1,1,0,0,0,0,1,1,0,0,0
1003503,0,1,1,0,0,0,1,1,0,0,0
1003504,1,1,0,0,0,0,1,0,0,1,0
1003505,1,0,0,0,0,0,0,0,0,0,0
1003506,0,0,0,0,0,0,1,0,0,0,0
1003507,0,1,0,0,0,0,1,0,0,1,0
1003509,0,1,0,0,0,1,1,0,1,0,0
1003510,0,0,0,0,0,0,0,0,2,0,0
1003511,0,1,0,0,0,0,1,0,0,1,0
1003512,1,1,0,0,0,0,1,0,0,0,0
1003514,0,0,0,0,0,0,0,0,2,0,0
1003515,0,0,0,0,1,0,0,0,0,0,0
1003516,0,0,0,0,1,0,0,0,0,0,0
1003520,1,1,0,0,0,0,1,0,0,0,0
1003522,0,1,0,0,0,0,1,0,0,0,0
1003525,0,0,1,0,0,0,0,1,0,0,0
1003526,0,0,0,0,0,0,0,0,1,0,0
1003527,0,0,0,0,0,0,0,0,1,0,0
1003528,0,0,0,0,1,0,0,0,0,0,0
1003531,0,1,0,0,0,0,1,1,0,0,0
1003532,0,1,0,0,0,0,1,0,0,0,0
1003533,0,0,0,0,1,0,0,0,0,0,0
1003537,0,1,0,0,0,0,1,0,0,0,0
1003538,1,2,0,0,0,0,1,1,0,0,0
1003539,0,0,0,0,0,0,0,0,1,0,0
1003543,0,0,0,0,0,0,0,0,1,0,0
1003544,1,1,0,0,0,0,1,0,2,0,0
1003546,0,0,1,0,0,0,0,1,0,0,0
1003547,0,1,0,0,0,0,1,0,0,0,0
1003551,1,1,0,0,0,0,1,0,1,0,0
1003552,1,1,0,0,0,0,1,0,0,0,0
1003553,0,1,0,0,0,0,1,0,2,0,0
1003554,0,0,0,0,0,0,0,0,2,0,0
1003556,1,2,0,0,0,0,1,0,0,0,0
1003558,0,0,0,0,0,1,0,0,1,0,0
1003559,0,1,0,0,0,0,1,0,0,1,0
1003560,0,1,0,0,0,0,1,0,0,1,0
1003561,1,1,0,0,0,0,1,0,0,0,0
1003562,0,0,0,0,1,0,0,0,0,0,0
1003563,0,0,1,0,0,0,1,0,1,0,0
1003566,0,0,0,0,1,0,0,0,0,0,0
1003567,0,0,0,0,0,0,1,0,0,0,0
1003568,1,1,0,0,0,0,1,0,0,1,0
1003570,0,1,0,0,0,0,1,0,0,1,0
1003571,0,0,0,0,0,0,0,0,2,0,0
1003572,0,0,0,0,0,0,0,0,1,0,0
1003573,0,2,0,0,0,0,1,0,0,0,1
1003574,0,0,0,0,1,0,0,0,0,0,0
1003575,1,1,0,0,0,0,1,0,0,0,0
1003576,0,0,0,0,1,0,0,0,0,0,0
1003577,0,0,0,0,1,0,0,0,0,0,0
1003578,0,0,1,0,0,0,0,1,0,0,0
1003579,0,1,0,0,0,1,1,0,0,0,0
1003580,0,0,0,0,1,0,0,0,0,0,0
1003581,0,0,0,0,0,0,0,0,2,0,0
1003582,0,1,1,0,0,0,1,1,0,1,0
1003583,0,1,1,0,0,0,1,0,0,1,0
1003587,0,1,0,0,0,2,1,0,0,0,0
1003588,1,1,0,0,0,0,1,0,0,0,0
1003590,0,1,0,0,0,0,1,0,0,1,0
1003592,0,3,0,0,0,0,1,0,0,0,0
1003594,0,2,0,0,0,1,1,0,0,0,0
1003595,0,1,0,0,0,1,1,0,0,0,0
1003596,1,2,2,0,0,0,2,0,2,0,0
1003597,1,1,1,0,0,0,1,1,3,0,0
1003601,1,1,0,0,0,0,1,0,0,1,0
1003603,0,0,0,0,1,0,0,0,0,0,0
1003604,0,1,0,0,0,0,1,0,0,0,0
1003606,1,1,0,0,0,0,1,0,1,0,0
1003607,0,1,0,0,0,0,1,0,0,0,0
1003608,1,1,0,0,0,0,1,0,3,0,0
1003609,0,1,0,0,0,0,1,0,2,0,0
1003610,0,1,0,1,0,0,2,0,0,0,0
1003612,0,0,1,0,0,0,0,0,2,0,0
1003613,0,0,0,0,0,0,0,0,1,0,0
1003617,1,1,0,0,0,0,2,0,0,0,0
1003618,0,1,0,0,0,0,1,0,0,1,0
1003619,1,1,0,0,0,0,1,0,0,0,0
1003620,1,1,0,0,0,0,1,0,1,0,0
1003622,1,2,0,0,0,0,1,0,0,1,0
1003623,1,1,0,0,0,0,1,1,0,1,0
1003624,0,0,0,0,1,0,0,0,0,0,0
1003625,1,1,0,0,0,1,1,0,0,0,0
1003626,0,1,0,0,0,0,1,0,0,0,0
1003627,0,0,0,0,0,1,0,0,1,0,0
1003630,1,0,0,0,0,1,1,0,2,0,1
1003631,0,2,0,0,0,0,0,0,4,0,0
1003634,0,0,0,0,0,0,0,0,1,0,0
1003635,0,2,0,0,0,0,1,0,0,0,0
1003636,0,1,0,0,0,0,1,0,0,0,0
1003637,0,1,0,0,0,0,1,0,1,0,0
1003638,0,1,0,0,0,0,1,0,0,0,0
1003639,0,1,0,0,0,1,1,0,0,0,0
1003640,0,1,0,0,0,0,1,0,0,0,0
1003641,1,0,0,0,0,0,0,1,1,0,0
1003642,0,1,0,0,0,0,1,0,0,1,0
1003643,1,2,0,0,0,0,1,0,0,2,0
1003644,0,0,0,0,0,0,0,0,1,0,1
1003647,0,0,1,0,0,0,0,1,2,0,0
1003649,0,0,0,0,0,0,0,0,3,0,0
1003650,0,0,0,0,1,0,0,0,0,0,0
1003651,0,1,1,0,0,0,1,0,0,1,0
1003654,0,0,0,0,0,0,1,0,0,0,0
1003655,0,0,0,0,1,0,0,0,0,0,0
1003656,0,0,2,0,0,0,0,2,0,0,0
1003661,1,1,0,0,0,1,1,0,0,1,1
1003662,0,2,0,0,0,1,1,0,1,1,1
1003663,1,1,0,0,0,1,1,1,0,1,0
1003666,1,1,0,0,0,0,1,0,0,0,0
1003667,0,0,1,0,0,0,0,1,0,0,0
1003668,0,2,0,0,0,0,1,0,0,0,0
1003671,0,0,0,0,1,0,0,0,0,0,0
1003674,1,1,0,0,0,1,2,0,1,0,0
1003682,0,0,0,1,0,0,0,0,1,0,0
1003683,1,0,0,0,0,0,0,0,2,0,0
1003685,0,0,0,0,1,0,0,0,0,0,0
1003687,1,1,0,0,0,1,1,0,1,1,0
1003689,1,1,0,0,0,0,1,1,0,1,0
1003690,0,1,1,0,0,0,1,1,0,0,0
1003691,0,0,0,0,0,0,0,0,2,0,0
1003695,0,1,0,0,0,1,1,0,0,0,0
1003696,0,0,0,0,0,1,1,0,0,1,0
1003697,0,1,0,0,0,0,1,0,2,0,0
1003698,0,0,0,0,0,0,0,0,2,0,0
1003699,0,3,0,0,0,0,1,0,0,0,0
1003702,0,1,0,1,0,0,1,0,0,1,0
1003703,0,1,1,0,0,0,1,0,0,0,0
1003708,0,1,0,0,0,0,1,0,0,0,0
1003709,0,0,0,0,0,0,0,0,0,0,1
1003710,0,0,0,0,1,0,0,0,0,0,0
1003717,0,0,1,0,0,0,0,1,0,0,0
1003723,0,0,0,1,0,0,0,0,0,0,0
1003724,0,0,1,0,0,0,0,1,0,0,0
1003731,0,0,0,0,0,1,0,0,1,0,2
1003732,0,0,0,0,0,1,0,0,0,0,2
1003742,0,1,0,0,0,0,1,0,0,1,0
1003743,0,0,0,0,0,0,0,0,1,0,0
1003745,0,1,0,0,0,0,1,0,1,0,0
1003746,0,1,0,0,0,0,1,0,1,1,0
1003748,0,1,1,0,0,0,1,0,0,0,0
1003749,1,1,0,0,0,0,1,0,1,0,0
1003750,0,0,0,0,1,0,0,0,0,0,0
1003754,0,0,0,0,1,0,0,0,0,0,0
1003757,0,1,1,0,0,0,1,0,0,0,0
1003759,0,0,1,0,0,0,0,0,1,0,0
1003760,0,0,0,0,0,0,0,0,1,0,0
1003761,1,1,0,0,0,1,1,0,0,0,0
1003762,0,0,0,0,1,0,0,0,0,0,0
1003763,0,1,0,0,0,0,1,1,0,0,0
1003764,0,1,1,0,0,0,1,1,1,0,0
1003765,0,1,0,0,0,0,1,0,0,1,0
1003766,0,0,0,0,1,0,0,0,0,0,0
1003767,0,0,0,0,0,0,0,0,2,0,0
1003772,0,1,0,0,0,2,1,0,0,1,0
1003773,0,1,0,0,0,1,1,0,0,1,0
1003775,1,1,0,0,0,0,1,0,0,0,0
1003776,0,0,1,0,0,0,0,0,0,0,0
1003779,0,0,1,0,0,1,0,1,0,0,0
1003788,0,0,0,0,1,0,0,0,0,0,0
1003791,0,1,1,0,0,1,1,1,1,0,0
1003792,0,1,1,0,0,0,1,1,0,2,0
1003796,1,1,1,0,0,0,1,0,0,0,0
1003801,0,1,0,0,0,0,1,0,0,0,0
1003802,1,1,0,0,0,0,1,0,0,1,0
1003804,0,0,0,0,1,0,0,0,0,0,0
1003811,1,1,0,0,0,0,1,0,0,0,0
1003813,0,0,1,0,0,0,0,1,0,0,0
1003817,0,1,0,0,0,0,1,0,0,0,0
1003820,0,0,1,0,0,0,0,0,0,0,0
1003821,1,1,0,0,0,1,1,2,0,1,0
1003823,0,0,0,0,1,0,0,0,0,0,0
1003825,0,0,1,0,0,0,0,1,0,0,0
1003826,0,0,0,0,0,0,0,0,1,0,0
1003827,1,1,0,0,0,0,1,1,0,0,0
1003828,0,0,0,0,0,0,0,0,3,0,1
1003829,0,0,0,0,0,0,0,0,1,0,0
1003834,1,1,0,0,0,0,1,0,0,1,0
1003835,0,0,0,0,0,0,0,0,0,0,1
1003837,0,1,0,0,0,0,1,0,0,0,0
1003838,0,0,0,0,0,0,0,0,2,0,0
1003839,0,1,0,0,0,0,1,0,0,0,0
1003840,0,1,1,0,0,0,1,0,0,0,0
1003841,0,0,1,0,0,0,0,1,1,0,0
1003846,1,0,0,0,0,0,1,0,0,0,0
1003847,0,0,0,0,1,0,0,0,0,0,0
1003848,0,0,0,0,0,0,0,0,1,0,0
1003849,2,1,0,0,0,0,2,0,0,2,0
1003850,0,0,0,0,1,0,0,0,0,0,0
1003851,0,0,0,0,1,0,0,0,0,0,0
1003854,0,1,0,0,0,0,1,0,0,0,0
1003855,0,1,1,0,0,0,1,1,1,0,0
1003857,1,0,0,0,0,0,0,0,1,0,0
1003859,1,0,0,0,0,0,1,0,2,0,0
1003860,2,2,0,0,0,0,2,0,0,1,0
1003861,0,1,0,0,0,0,1,0,1,0,0
1003862,0,1,1,0,0,1,1,1,1,0,0
1003864,0,0,0,0,0,0,0,0,3,0,0
1003865,0,1,0,0,0,0,1,0,0,0,0
1003867,0,1,0,0,0,0,1,0,1,1,0
1003868,0,0,0,0,1,0,0,0,0,0,0
1003869,1,1,0,0,0,0,1,0,0,0,0
1003870,1,1,0,0,0,0,1,0,0,1,0
1003871,0,0,0,1,0,1,1,0,3,0,0
1003873,0,1,0,0,0,0,1,0,2,0,0
1003876,0,0,0,0,0,1,1,0,1,0,0
1003877,1,1,1,0,0,0,1,0,0,1,0
1003879,1,1,0,0,0,0,1,0,0,0,0
1003880,2,1,0,0,0,0,1,0,0,0,0
1003881,0,2,0,0,0,0,1,0,1,0,0
1003885,0,1,0,0,0,0,1,0,0,0,0
1003889,0,0,1,0,0,1,0,1,1,0,0
1003890,0,0,0,0,0,0,0,0,1,0,0
1003891,0,0,0,0,0,0,0,0,2,0,0
1003895,0,0,0,0,1,0,0,0,0,0,0
1003896,0,0,0,0,0,0,0,0,1,0,0
1003898,0,2,0,0,0,0,1,0,0,1,0
1003901,0,1,0,0,0,0,1,0,0,1,0
1003903,0,0,0,0,1,0,0,0,0,0,0
1003907,0,0,0,0,1,0,0,0,0,0,0
1003908,0,0,0,0,0,0,0,1,1,0,0
1003909,1,1,0,0,0,0,1,0,0,2,0
1003911,0,1,1,0,0,0,1,0,0,0,0
1003912,0,0,0,0,0,0,1,0,2,0,0
1003913,0,1,0,0,0,0,1,0,0,0,0
1003915,1,1,0,0,0,0,1,0,0,0,0
1003916,1,1,0,0,0,1,1,0,0,0,0
1003918,1,1,0,0,0,0,1,0,0,0,0
1003919,0,0,0,0,1,0,0,0,0,0,0
1003920,1,1,0,0,0,0,1,0,0,0,0
1003922,0,1,0,0,0,0,1,0,0,1,0
1003923,0,1,0,0,0,0,1,0,1,1,0
1003924,0,0,0,0,0,0,0,0,1,0,0
1003925,0,1,0,0,0,0,1,0,0,0,0
1003926,0,1,0,0,0,0,1,0,2,0,1
1003928,0,0,0,0,1,0,0,0,0,0,0
1003930,0,1,0,0,0,0,1,0,0,0,0
1003931,0,0,2,0,0,0,0,1,0,0,0
1003932,0,0,0,0,1,0,0,0,0,0,0
1003933,0,1,0,0,0,0,2,0,1,1,0
1003939,0,0,0,0,1,0,0,0,0,0,0
1003940,0,1,0,0,0,0,1,0,1,1,0
1003943,0,0,0,0,0,1,0,0,0,0,0
1003944,0,1,0,0,0,0,1,1,0,0,0
1003958,1,1,1,0,0,0,1,1,1,1,0
1003961,0,0,0,0,0,0,0,0,2,0,0
1003962,0,0,0,0,0,0,0,0,1,0,0
1003973,0,1,0,0,0,0,1,0,0,0,0
1003974,0,0,0,0,0,0,1,0,1,0,0
1003975,0,0,0,0,0,0,0,0,0,0,1
1003977,0,0,0,0,0,0,0,0,1,0,0
1003978,0,1,1,0,0,0,1,2,0,0,0
1003979,0,0,0,0,0,1,0,0,1,0,0
1003983,0,0,0,0,1,0,0,0,0,0,0
1003984,0,2,0,0,0,0,1,0,3,0,0
1003985,0,2,0,1,0,0,1,0,2,0,0
1003986,0,1,1,0,0,0,1,1,0,0,0
1003990,0,0,0,0,1,0,0,0,0,0,0
1003991,0,0,0,0,0,0,1,0,0,0,0
1003993,0,0,0,0,1,0,0,0,0,0,0
1003994,1,1,0,0,0,0,1,0,0,0,0
1003995,1,1,0,0,0,0,1,0,1,1,0
1003996,1,0,0,0,0,0,1,0,1,1,0
1003997,0,1,0,0,0,0,1,0,0,0,0
1003998,0,0,0,0,1,0,0,0,0,0,0
1004001,0,0,0,0,0,0,1,0,0,1,0
1004007,0,0,0,0,1,0,0,0,0,0,0
1004010,0,0,0,0,0,0,0,0,1,0,0
1004011,0,0,0,0,0,0,0,0,2,0,0
1004012,0,0,0,0,0,0,0,0,3,0,0
1004013,0,0,0,0,1,0,0,0,0,0,0
1004014,0,0,0,0,1,0,0,0,0,0,0
1004015,0,0,0,0,0,0,0,0,1,0,0
1004016,0,0,0,0,1,0,0,0,0,0,0
1004021,0,0,0,0,1,0,0,0,0,0,0
1004022,1,1,0,0,0,0,1,0,0,0,0
1004025,0,1,0,0,0,0,1,0,0,0,0
1004026,0,0,0,0,0,1,0,0,1,0,0
1004027,0,0,0,0,0,0,0,0,1,0,0
1004031,0,0,0,0,0,0,0,0,2,0,0
1004032,0,0,0,0,0,0,0,0,1,0,0
1004034,0,0,0,0,1,0,0,0,0,0,0
1004038,0,1,3,0,0,0,1,1,0,0,0
1004039,0,1,1,0,0,0,1,1,0,0,0
1004040,0,0,0,0,1,0,0,0,0,0,0
1004041,0,0,0,0,1,0,0,0,0,0,0
1004046,0,0,0,0,0,1,0,0,0,0,0
1004047,0,0,1,0,0,0,0,1,1,0,0
1004048,0,0,0,0,1,0,0,0,0,0,0
1004053,0,0,1,0,0,0,0,1,0,0,0
1004055,0,1,0,0,0,0,1,0,0,1,0
1004060,0,0,0,0,1,0,0,0,0,0,0
1004065,1,2,0,0,0,0,1,0,1,1,0
1004066,0,0,0,0,0,0,0,0,1,0,0
1004067,0,0,0,0,0,0,0,0,2,0,0
1004068,0,0,0,0,0,0,0,0,3,0,0
1004069,0,0,0,0,1,0,0,0,0,0,0
1004075,1,2,1,0,0,1,1,1,0,0,0
1004078,0,0,1,0,0,0,0,1,0,0,0
1004079,0,0,0,0,0,0,1,0,2,0,0
1004080,0,1,0,0,0,0,1,0,0,1,0
1004086,0,1,0,0,0,0,1,0,0,0,0
1004087,0,0,0,0,0,0,1,0,0,0,0
1004088,0,0,1,0,0,0,0,1,1,0,0
1004093,0,1,1,0,0,0,0,1,0,0,0
1004094,0,1,1,0,0,0,1,1,1,0,0
1004095,0,2,0,0,0,0,1,0,0,1,0
1004097,0,0,0,0,1,0,0,0,0,0,0
1004098,0,0,0,0,1,0,0,0,0,0,0
1004099,0,0,0,0,0,0,0,0,1,0,0
1004101,0,0,0,0,0,0,0,0,1,0,0
1004103,0,0,0,0,1,0,0,0,0,0,0
1004104,2,1,0,0,0,0,1,0,0,0,0
1004107,0,0,0,0,0,0,0,0,1,0,0
1004108,0,1,0,0,0,0,1,0,0,0,0
1004109,0,0,0,0,1,0,0,0,0,0,0
1004110,1,1,0,0,0,0,2,0,0,0,0
1004111,0,1,0,0,0,0,1,0,0,1,0
1004113,0,0,0,0,0,0,1,0,0,0,0
1004116,0,2,0,0,0,0,1,0,0,0,0
1004119,0,0,1,0,0,0,0,1,0,0,0
1004120,0,0,0,0,0,0,1,0,1,0,0
1004122,0,0,0,0,0,0,1,0,0,0,0
1004126,0,0,0,0,0,0,0,0,0,0,1
1004129,0,0,0,0,1,0,0,0,0,0,0
1004130,0,1,0,0,0,0,1,0,0,1,0
1004131,0,1,0,0,0,0,1,0,0,0,0
1004132,0,1,1,0,0,0,1,1,0,0,0
1004133,0,0,0,0,1,0,0,0,0,0,0
1004134,0,0,0,0,0,0,0,0,1,0,0
1004135,0,0,0,0,1,0,0,0,0,0,0
1004138,1,2,0,0,0,0,1,0,0,0,0
1004139,0,0,0,0,0,0,0,0,1,0,0
1004140,0,0,1,0,0,0,0,1,0,0,0
1004141,0,0,0,0,0,0,0,0,1,0,0
1004142,0,0,0,0,1,0,0,0,0,0,0
1004143,0,1,1,0,0,0,1,1,2,0,0
1004144,0,0,0,0,1,0,0,0,0,0,0
1004147,0,0,0,0,0,0,2,0,0,0,0
1004150,0,1,0,0,0,0,1,1,1,1,0
1004151,0,0,0,0,0,1,0,0,0,0,0
1004155,0,0,0,2,0,0,0,0,0,0,0
1004157,0,0,1,0,0,1,0,1,0,0,0
1004159,0,0,0,0,0,1,0,0,2,0,0
1004161,0,0,0,0,0,1,0,0,0,0,0
1004167,0,0,0,0,1,0,0,0,0,0,0
1004168,0,0,0,0,0,0,0,0,1,0,0
1004169,0,0,0,0,0,0,0,0,1,0,0
1004178,1,0,0,0,0,0,1,0,1,1,0
1004179,0,1,0,0,0,0,1,0,0,1,0
1004182,0,0,0,0,0,0,0,0,2,0,0
1004184,0,0,0,1,0,0,0,0,0,0,0
1004185,0,0,1,0,0,0,0,0,0,0,0
1004187,0,1,0,0,0,0,1,0,0,1,0
1004188,1,1,0,0,0,0,1,0,1,0,1
1004189,0,0,0,0,0,0,0,0,1,0,0
1004190,1,1,0,1,0,0,0,0,0,1,0
1004191,0,0,0,0,1,0,0,0,0,0,0
1004193,0,1,0,0,0,0,1,0,0,0,0
1004194,0,1,0,0,0,0,1,0,1,0,0
1004196,0,0,0,0,1,0,0,0,2,0,0
1004199,0,0,0,0,0,0,0,0,4,0,0
1004200,0,0,0,0,1,0,0,0,0,0,0
1004204,1,2,0,0,0,0,1,0,2,1,0
1004209,0,0,0,0,1,0,0,0,0,0,0
1004210,0,1,0,1,0,0,2,0,0,0,0
1004212,0,0,0,0,1,0,0,0,0,0,0
1004213,2,1,0,0,0,0,1,0,3,1,0
1004214,1,1,0,0,0,0,1,0,0,0,0
1004215,2,2,0,0,0,0,2,0,2,0,0
1004217,0,2,0,0,0,0,2,0,0,0,0
1004218,0,1,0,0,1,0,1,0,0,1,0
1004219,0,1,0,0,1,0,1,0,0,0,0
1004221,0,0,0,0,0,0,0,0,4,0,0
1004228,0,2,0,0,0,0,2,0,0,1,0
1004229,1,1,0,0,0,0,1,0,1,0,0
1004230,0,0,0,0,0,0,0,0,1,0,0
1004231,0,1,0,0,0,0,1,0,0,0,0
1004237,0,0,0,0,0,2,0,0,1,0,0
1004238,1,1,0,0,0,1,2,0,0,0,0
1004240,0,0,0,0,1,0,0,0,0,0,0
1004241,1,0,1,0,0,0,0,1,1,0,0
1004244,2,2,0,0,0,0,2,0,0,0,0
1004247,0,0,0,0,0,0,0,0,1,0,0
1004249,1,2,1,0,0,0,2,0,2,1,0
1004255,0,1,0,0,0,0,0,0,0,0,0
1004256,0,1,0,0,0,0,1,0,0,0,0
1004259,0,1,1,0,0,0,1,0,0,1,0
1004260,0,0,0,0,0,0,1,0,2,1,0
1004262,1,3,1,0,0,0,3,0,2,2,0
1004263,0,0,1,0,0,2,0,1,4,0,0
1004264,1,1,0,0,0,0,1,0,2,0,0
1004267,0,2,1,0,0,0,2,2,1,1,0
1004268,0,0,0,0,1,0,0,0,1,0,0
1004269,0,1,0,0,0,0,1,0,1,0,0
1004270,1,1,1,0,0,0,1,0,0,0,0
1004271,2,2,0,0,0,0,2,0,0,2,0
1004272,0,0,0,0,0,1,0,0,0,0,1
1004273,2,2,0,0,0,0,2,1,3,2,0
1004274,3,2,1,0,0,0,3,0,2,2,0
1004275,2,2,0,0,0,0,2,0,0,2,0
1004276,1,1,0,0,0,0,1,0,0,0,0
1004277,0,0,0,0,0,0,1,0,0,0,0
1004278,0,1,1,0,0,0,2,1,2,0,0
1004279,0,1,0,0,0,0,1,0,0,0,0
1004283,0,0,0,0,0,0,0,0,1,0,0
1004285,0,0,0,0,0,0,0,0,2,0,0
1004287,0,2,1,0,0,0,2,1,6,0,0
1004288,0,2,0,0,1,0,2,0,1,0,0
1004306,0,0,0,0,0,1,0,0,1,0,0
1004308,0,0,1,0,0,0,0,1,0,0,0
1004342,1,0,0,0,0,0,0,0,1,0,0
1004343,2,5,2,1,0,0,2,0,1,0,0
1004344,0,4,3,1,0,0,0,0,1,3,0
1004345,0,0,0,1,0,1,1,0,0,0,0
1004348,0,0,1,0,0,0,0,0,0,0,0
1005034,1,2,0,0,0,0,2,0,0,1,0
1005054,0,1,0,0,0,0,1,0,1,0,0
1005055,0,0,0,0,0,3,0,0,1,0,0
1005056,0,0,0,0,0,3,0,0,2,0,0
1005057,6,4,3,0,0,2,4,1,0,0,0
1005059,2,3,0,0,0,0,3,0,0,0,0
1005100,3,2,0,0,0,3,3,0,4,0,0
1005102,1,1,0,0,0,0,1,0,3,0,0
1005118,3,2,0,2,0,0,3,0,2,2,0
1005139,0,2,0,1,0,0,2,0,2,0,0
1005352,0,3,1,2,0,1,3,1,0,0,0
1005584,0,0,1,0,0,0,0,0,4,0,0
1005589,0,0,0,0,0,0,0,1,3,0,0
1005590,0,2,3,0,0,1,2,0,3,0,2
1005591,0,1,1,0,0,0,1,0,2,0,0
1005592,0,1,1,0,0,0,2,1,3,0,0
1005593,0,1,1,0,0,0,2,1,1,0,0
1005594,0,0,0,0,0,0,0,1,2,0,0
1005595,0,3,1,0,0,0,3,1,2,1,0
1005596,0,3,0,0,0,0,3,1,0,0,0
1005597,2,2,1,1,0,0,3,1,1,1,0
1005601,0,1,2,0,0,0,1,0,1,1,0
1005602,0,1,2,0,0,1,2,0,0,0,1
1005603,0,0,1,0,0,0,0,1,2,0,0
1005613,2,1,1,0,0,0,2,0,5,0,0
1005617,1,0,1,1,0,0,0,1,2,0,0
1005618,0,2,0,0,0,0,2,0,1,1,0
1005619,1,1,0,0,0,0,1,0,4,0,0
1005620,0,2,0,0,0,0,2,0,1,0,0
1005621,0,1,2,0,0,1,1,0,2,1,2
1005622,0,1,1,0,0,0,2,0,1,0,0
1005623,0,3,3,1,0,0,3,0,1,0,2
1005624,0,1,0,0,0,0,1,0,0,0,0
1005625,0,1,0,0,0,0,1,0,0,0,0
1005626,1,1,0,0,0,0,1,1,0,1,0
1005627,3,0,0,0,0,0,0,1,3,0,0
1005628,1,2,0,0,0,0,2,1,1,0,0
1005629,1,1,1,0,0,0,2,0,2,0,0
1005630,2,0,0,0,0,0,1,0,2,1,0
1005634,0,0,0,0,0,0,0,0,1,0,0
1005637,0,1,0,0,0,0,2,0,1,1,0
1005639,0,1,1,0,0,0,1,0,0,0,0
1005640,1,1,0,0,1,0,1,0,0,0,0
1005643,1,1,1,0,0,0,4,2,2,0,0
1005644,0,3,1,0,0,0,3,0,1,1,0
1005645,0,1,0,0,0,0,1,1,0,1,0
1005646,0,0,0,0,0,0,0,1,2,0,0
1005650,0,3,1,2,0,0,2,0,0,0,0
1005651,0,1,0,1,0,0,2,0,1,0,0
1005652,3,0,0,0,0,0,1,2,0,0,0
10201004087,0,0,1,0,0,1,0,1,0,0,0
1769238060,1,0,0,1,0,0,0,0,0,0,0
1802411844,0,1,1,0,0,0,1,0,0,0,0
2542651606,1,1,0,0,0,0,1,0,0,0,0
4719933879,1,3,0,0,0,0,1,0,0,1,0
4820085121,0,0,1,0,0,0,0,0,1,0,0
5592087422,0,0,0,0,1,0,0,0,0,0,0
7404150884,0,1,1,0,0,1,1,0,1,0,0
7404171705,1,1,0,0,0,1,1,0,1,0,0
7404298952,0,0,1,0,0,0,1,0,1,0,0
7418975493,1,1,1,0,0,0,1,1,0,0,0
7418975494,1,0,1,0,0,0,0,1,1,0,0
7680201888,0,2,0,0,0,0,1,0,0,0,0
7973083607,0,0,1,0,1,0,0,1,2,0,0
8071984909,0,1,0,0,0,0,1,0,1,0,0
8120639497,0,2,0,0,0,0,2,1,2,0,0
8124868786,0,3,0,0,0,1,1,0,0,0,0
8148300689,1,1,1,0,0,0,1,1,0,0,0
9473411397,0,2,0,0,0,0,1,0,0,0,0
9473414904,0,0,0,0,1,0,0,0,0,0,0
9473426610,0,1,0,0,0,0,1,0,0,0,0
9473427437,1,2,0,0,0,0,2,0,0,0,0
9480261190,0,2,1,0,0,0,0,1,1,3,0
9480333457,0,0,1,0,0,0,0,1,1,0,0
9480337388,0,2,0,0,0,0,1,0,0,0,0
9480341480,0,0,1,0,0,1,0,1,0,0,0
9480341787,0,0,0,0,0,0,0,0,3,0,0
9503907420,0,1,0,1,0,0,2,0,1,0,0
9512501353,0,0,0,0,0,0,0,0,1,0,0
9512579456,0,0,0,0,0,0,0,0,1,0,0
9519079786,0,0,0,2,0,0,0,0,0,0,0
9519340007,0,0,0,0,1,0,0,0,0,0,0
9519363300,0,0,0,0,0,2,0,0,1,0,0
9519365893,0,0,0,0,0,0,0,0,1,0,0
9519365896,0,0,0,0,0,0,0,0,1,0,0
9519365898,0,0,0,0,0,0,0,0,1,0,0
9519382147,0,0,1,0,0,0,0,0,0,0,0
9525917297,1,1,1,0,0,1,1,0,0,1,0
9525917302,0,0,1,0,0,1,0,1,0,0,0
9525969537,0,2,1,0,0,0,1,1,0,0,0
9526021289,0,1,0,0,0,1,1,0,0,0,0
9528652873,1,1,0,0,0,0,1,1,0,0,0
9533631995,0,2,1,0,0,0,2,1,0,0,1
9533643241,0,0,0,0,0,0,0,0,1,0,0
9533643247,0,1,0,0,0,0,1,0,1,0,0
9533644865,0,0,0,0,0,0,0,0,1,0,0
9533644867,0,1,0,0,0,0,1,0,0,0,0
9533644869,0,1,0,0,0,0,1,0,1,0,0
9533644871,0,2,0,0,1,0,1,0,1,0,0
9533651720,0,0,0,0,0,0,0,0,1,0,0
9533659952,0,0,0,0,0,0,0,0,1,0,0
9533659954,0,0,0,0,1,0,0,0,0,0,0
9533659958,0,0,0,0,1,0,0,0,0,0,0
9533666535,0,0,1,0,0,0,0,2,1,0,0
9533666539,0,0,0,0,1,0,0,0,0,0,0
9533666541,0,0,0,0,1,0,0,0,0,0,0
9533666543,0,1,0,0,0,0,1,0,1,0,0
9536054740,0,0,0,1,0,0,0,0,2,0,0
9536054742,0,0,1,0,0,0,0,1,2,0,0
9536067046,1,1,0,0,0,0,1,0,0,0,0
9536067048,0,1,0,0,1,0,1,0,1,1,0
9645173072,0,0,0,0,0,0,0,0,2,0,0
9665240482,0,0,0,0,1,0,0,0,0,0,0
9665240484,0,0,0,0,1,0,0,0,0,0,0
9665240486,0,0,0,0,0,0,0,0,1,0,0
9665240489,0,0,0,0,1,0,0,0,0,0,0
9687186701,0,0,0,0,1,0,0,0,1,0,0
9687186705,0,1,0,0,0,0,1,0,0,0,0
9687186707,0,1,1,0,0,0,1,0,0,0,0
9687186709,0,0,0,0,1,0,0,0,1,0,0
9689179377,0,0,1,0,0,0,0,1,1,0,0
9703301715,0,0,0,0,1,0,0,0,1,0,0
9703315719,0,0,0,0,0,0,0,0,1,0,0
9704430402,0,1,0,0,0,0,1,0,0,1,0
9704430404,0,0,0,0,0,0,0,0,1,0,0
9704430406,0,0,0,0,0,0,0,0,6,0,0
9704462705,0,0,0,0,1,0,0,0,1,0,0
9704462709,0,0,0,0,0,0,0,0,1,0,0
9709071001,0,0,0,0,1,0,0,0,0,0,0
9709074706,0,0,0,0,0,0,1,0,1,0,0
9709115679,0,0,0,0,0,0,0,1,0,0,0
9876421605,0,0,1,0,1,0,0,1,1,0,0
9876464866,0,1,1,0,0,0,1,1,2,1,0
9876464868,0,0,1,0,0,0,1,1,1,0,0
9876464872,0,0,0,0,1,0,0,0,0,0,0
9876528676,0,1,0,0,0,0,1,0,0,1,0
9876528679,0,5,0,0,0,0,2,0,1,1,1
9876528681,0,0,0,0,1,0,0,0,0,0,0
9876579667,0,1,0,0,0,0,1,0,0,1,0
9876579669,0,1,0,0,0,0,1,0,0,1,0
9876651846,0,1,2,0,0,0,1,0,0,1,0
9876651848,0,1,0,0,0,0,1,0,0,1,0
9876651852,0,1,0,0,1,0,1,0,0,0,0
9876651856,0,2,0,0,0,0,1,0,0,0,0
9876651859,1,0,2,0,0,0,0,2,1,0,0
9876651860,0,1,0,0,0,0,1,0,0,1,0
9877734627,0,0,0,0,1,0,0,0,0,0,0
9877734629,0,0,0,0,1,0,0,0,0,0,0
9877734632,1,1,1,0,0,0,1,1,1,1,0
9877773003,0,0,2,0,0,0,0,2,2,0,0
9877773005,0,0,1,0,0,0,0,1,0,0,0
9877773008,0,0,0,0,0,0,0,1,1,0,0
9878301719,1,0,0,0,0,0,0,0,1,0,0
9878301722,0,2,1,0,0,1,2,0,1,1,0
9878341152,0,0,1,0,0,0,0,1,0,0,0
9878341154,0,0,1,0,0,1,0,1,0,0,0
9889108978,0,1,1,0,0,0,1,0,0,0,0
